table,name,viv,normalized_name,index,kalik_id
0100,ciechanowiec,maz,cchnwc,maz_cchnwc,1
0100,debica,snd,dbc,snd_dbc,2
0100,jablonka,maz,jblnk,maz_jblnk,3
0100,grodzisk,maz,grdzsk,maz_grdzsk,4
0100,jozefow,lbl,jzfw,lbl_jzfw,5
0100,kazimierz,krk,kzmrz,krk_kzmrz,6
0100,lublin,lbl,lubln,lbl_lbln,7
0100,miedzyrzecz_podlaski,pdl,mdzyrzcz_pdlsk,pdl_mdzyrzcz_pdlsk,8
0100,poznan,pzn,pznn,pzn_pznn,9
0100,wysokie_mazowieckie,maz,wysk_mzwck,maz_wysk_mzwck,10
0100,przemysl,rus,przmysl,rus_przmysl,11
0100,siemiatycze,pdl,smtycz,pdl_smtycz,12
0100,koscielna_nur,maz,kscln_nur,maz_kscln_nr,13
0100,miedzyrzecz_korecki,wol,mdzyrzcz_krck,wol_mdzyrzcz_krck,14
0100,glusk,lbl,glusk,lbl_glsk,15
1000,bachtyn,pod,bchtyn,pod_bchtyn,16
1000,balin,pod,bln,pod_bln,17
1000,bar,pod,br,pod_br,18
1000,bilcze,pod,blcz,pod_blcz,19
1000,borek,pod,brk,pod_brk,20
1000,borszczow,pod,brszczw,pod_brszczw,21
1000,chmielnik,pod,chmlnk,pod_chmlnk,22
1000,czarnokozince,pod,czrnkznc,pod_czrnkznc,23
1000,czarnoostrow,pod,czrnstrw,pod_czrnstrw,24
1000,czeniejowce,brc,cznjwc,brc_cznjwc,25
1000,czercze,pod,czrcz,pod_czrcz,26
1000,czerwonogrod,pod,czrwngrd,pod_czrwngrd,27
1000,deraznia,pod,drzn,pod_drzn,28
1000,dunajowiec,pod,dunjwc,pod_dnjwc,29
1000,dωwinogrod,pod,dωwngrd,pod_dωwngrd,30
1000,franpol,pod,frnpl,pod_frnpl,31
1000,fulsztyn,pod,fulsztyn,pod_flsztyn,32
1000,grodek,pod,grdk,pod_grdk,33
1000,grodek_on_dnister,pod,grdk_n_dnstr,pod_grdk_n_dnstr,34
1000,husiatyn,pod,hustyn,pod_hstyn,35
1000,jagielnica,pod,jglnc,pod_jglnc,36
1000,janow,pod,jnw,pod_jnw,37
1000,jarmolnica,pod,jrmlnc,pod_jrmlnc,38
1000,jaruha,pod,jruh,pod_jrh,39
1000,jaryszow,pod,jryszw,pod_jryszw,40
1000,jazlowiec,pod,jzlwc,pod_jzlwc,41
1000,jezierzany,pod,jzrzny,pod_jzrzny,42
1000,kalukow,pod,klukw,pod_klkw,43
1000,kalusz,pod,klusz,pod_klsz,44
1000,kamieniec_podolski,pod,kmnc_pdlsk,pod_kmnc_pdlsk,45
1000,kasperowce,pod,ksprwc,pod_ksprwc,46
1000,kitajgrod,pod,ktjgrd,pod_ktjgrd,47
1000,kolendziany,pod,klndzny,pod_klndzny,48
1000,kopajgrod,pod,kpjgrd,pod_kpjgrd,49
1000,krolowka,pod,krlwk,pod_krlwk,50
1000,krzywcza,pod,krzywcz,pod_krzywcz,51
1000,kudryniec,pod,kudrync,pod_kdrync,52
1000,kupin,pod,kupn,pod_kpn,53
1000,kuzmin,pod,kuzmn,pod_kzmn,54
1000,lanckorona,pod,lnckrn,pod_lnckrn,55
1000,latyczew,pod,ltyczw,pod_ltyczw,56
1000,letniowce,pod,ltnwc,pod_ltnwc,57
1000,lityn,pod,ltyn,pod_ltyn,58
1000,michalpol,pod,mchlpl,pod_mchlpl,59
1000,miedzyborz,pod,mdzybrz,pod_mdzybrz,60
1000,mikitynce,pod,mktync,pod_mktync,61
1000,mikolajow,pod,mkljw,pod_mkljw,62
1000,minkowce,pod,mnkwc,pod_mnkwc,63
1000,minkowiec,pod,mnkwc,pod_mnkwc,64
1000,mohylow_podolski,pod,mhylw_pdlsk,pod_mhylw_pdlsk,65
1000,moztow,pod,mztw,pod_mztw,66
1000,nowy_konstantynow,pod,nwy_knstntynw,pod_nwy_knstntynw,67
1000,okop,pod,kp,pod_kp,68
1000,olchowiec,pod,lchwc,pod_lchwc,69
1000,orynin,pod,rynn,pod_rynn,70
1000,ozarzynce,pod,zrzync,pod_zrzync,71
1000,pikow,pod,pkw,pod_pkw,72
1000,pilawa,pod,plw,pod_plw,73
1000,pobuzniany,pod,pbuznny,pod_pbznny,74
1000,ploskirow,pod,plskrw,pod_plskrw,75
1000,salicha,pod,slch,pod_slch,76
1000,podole,pod,pdl,pod_pdl,77
1000,satanow,pod,stnw,pod_stnw,78
1000,sawince,pod,swnc,pod_swnc,79
1000,serebria,pod,srbr,pod_srbr,80
1000,sidorow,pod,sdrw,pod_sdrw,81
1000,skala,pod,skl,pod_skl,82
1000,smotrycz,pod,smtrycz,pod_smtrycz,83
1000,snidkow,pod,sndkw,pod_sndkw,84
1000,snitowka,pod,sntwk,pod_sntwk,85
1000,snydkow,pod,snydkw,pod_snydkw,86
1000,sokolec,pod,sklc,pod_sklc,87
1000,solobkowiec,pod,slbkwc,pod_slbkwc,88
1000,stara_sieniawa,pod,str_snw,pod_str_snw,89
1000,studenica,pod,studnc,pod_stdnc,90
1000,sudkowce,pod,sudkwc,pod_sdkwc,91
1000,szarawka,pod,szrwk,pod_szrwk,92
1000,szarogrod,pod,szrgrd,pod_szrgrd,93
1000,szatawa,pod,sztw,pod_sztw,94
1000,tarnowody,pod,trnwdy,pod_trnwdy,95
1000,tatarzyska,pod,ttrzysk,pod_ttrzysk,96
1000,tluste,pod,tlust,pod_tlst,97
1000,ulanowiec,pod,ulnwc,pod_lnwc,98
1000,turylicz,pod,turylcz,pod_trylcz,99
1000,uszyca,pod,uszyc,pod_szyc,100
1000,ulanow,pod,ulnw,pod_lnw,101
1000,wierzbowiec,pod,wrzbwc,pod_wrzbwc,102
1000,ulaszkowiec,pod,ulszkwc,pod_lszkwc,103
1000,wierzbowka,pod,wrzbwk,pod_wrzbwk,104
1000,wonkowce,pod,wnkwc,pod_wnkwc,105
1000,zaleszcze,pod,zlszcz,pod_zlszcz,106
1000,zamiechow,pod,zmchw,pod_zmchw,107
1000,zbrzyszcze,pod,zbrzyszcz,pod_zbrzyszcz,108
1000,zinkow,pod,znkw,pod_znkw,109
1000,luczyniec,pod,luczync,pod_lczync,110
1000,makow,pod,mkw,pod_mkw,111
1000,zwaniec,pod,zwnc,pod_zwnc,112
1100,babice_bachow,rus,bbc_bchw,rus_bbc_bchw,113
1100,balicz,rus,blcz,rus_blcz,114
1100,bircza,rus,brcz,rus_brcz,115
1100,bybel,rus,bybl,rus_bybl,116
1100,chodnowicz,rus,chdnwcz,rus_chdnwcz,117
1100,chyrow,rus,chyrw,rus_chyrw,118
1100,czarna,rus,czrn,rus_czrn,119
1100,czupnowicz,rus,czupnwcz,rus_czpnwcz,120
1100,dobromil,rus,dbrml,rus_dbrml,121
1100,dubiecko,rus,dubck,rus_dbck,122
1100,dydnia,rus,dydn,rus_dydn,123
1100,dynow,rus,dynw,rus_dynw,124
1100,felsztyn,rus,flsztyn,rus_flsztyn,125
1100,fredropol,rus,frdrpl,rus_frdrpl,126
1100,grodzisk,rus,grdzsk,rus_grdzsk,127
1100,husakow,rus,huskw,rus_hskw,128
1100,husow,rus,husw,rus_hsw,129
1100,iskan,rus,skn,rus_skn,130
1100,izdebki,rus,zdbk,rus_zdbk,131
1100,jaroslaw,rus,jrslw,rus_jrslw,132
1100,jawornik,rus,jwrnk,rus_jwrnk,133
1100,jawornik_ruski,rus,jwrnk_rusk,rus_jwrnk_rsk,134
1100,krakowiec,rus,krkwc,rus_krkwc,135
1100,krukienice,rus,kruknc,rus_krknc,136
1100,krzeszow,rus,krzszw,rus_krzszw,137
1100,krzywcza,rus,krzywcz,rus_krzywcz,138
1100,lezajsk,rus,lzjsk,rus_lzjsk,139
1100,lubomierz,rus,lubmrz,rus_lbmrz,140
1100,medyka,rus,mdyk,rus_mdyk,141
1100,mosciska,rus,mscsk,rus_mscsk,142
1100,nowomiasto,rus,nwmst,rus_nwmst,143
1100,nowosiolki,rus,nwslk,rus_nwslk,144
1100,polski_kanczuga,rus,plsk_knczug,rus_plsk_knczg,145
1100,pruchnik,rus,pruchnk,rus_prchnk,146
1100,przeworsk,rus,przwrsk,rus_przwrsk,147
1100,radymno,rus,rdymn,rus_rdymn,148
1100,rybotycze,rus,rybtycz,rus_rybtycz,149
1100,sadowa,rus,sdw,rus_sdw,150
1100,sambor,rus,smbr,rus_smbr,151
1100,sokolow,rus,sklw,rus_sklw,152
1100,sosnica,rus,ssnc,rus_ssnc,153
1100,stanislawczyk,rus,stnslwczyk,rus_stnslwczyk,154
1100,starosol,rus,strsl,rus_strsl,155
1100,stary_sambor,rus,stry_smbr,rus_stry_smbr,156
1100,szumin,rus,szumn,rus_szmn,157
1100,tarnawa,rus,trnw,rus_trnw,158
1100,turka_w_gorach,rus,turk_w_grch,rus_trk_w_grch,159
1100,walawa,rus,wlw,rus_wlw,160
1100,wielkie_oczy,blz,wlk_czy,blz_wlk_czy,161
1100,wisznia,rus,wszn,rus_wszn,162
1100,wyszatyce,rus,wysztyc,rus_wysztyc,163
1100,twierza,rus,twrz,rus_twrz,164
1100,ustrzyki,rus,ustrzyk,rus_strzyk,165
1100,wietlin,rus,wtln,rus_wtln,166
1100,lancut,rus,lncut,rus_lnct,167
1100,krasiczyn,rus,krsczyn,rus_krsczyn,168
1100,klucz_niklowiecki,rus,klucz_nklwck,rus_klcz_nklwck,169
1100,manasterz,rus,mnstrz,rus_mnstrz,170
1100,zulin,rus,zuln,rus_zln,171
1201,berszada,brc,brszd,brc_brszd,172
1201,borszczejowka,kij,brszczjwk,kij_brszczjwk,173
1201,bosowka,brc,bswk,brc_bswk,174
1201,braclaw,kij,brclw,kij_brclw,175
1201,brailow,kij,brlw,kij_brlw,176
1201,cekinowka,kij,cknwk,kij_cknwk,177
1201,chaszejowka,kij,chszjwk,kij_chszjwk,178
1201,chmielnik,kij,chmlnk,kij_chmlnk,179
1201,chwaszczow,kij,chwszczw,kij_chwszczw,180
1201,czekielnik,kij,czklnk,kij_czklnk,181
1201,czerniejowce,kij,czrnjwc,kij_czrnjwc,182
1201,daszow,kij,dszw,kij_dszw,183
1201,dziunkow,kij,dzunkw,kij_dznkw,184
1201,dωwinogrodka,kij,dωwngrdk,kij_dωwngrdk,185
1201,gologorz,kij,glgrz,kij_glgrz,186
1201,granow,kij,grnw,kij_grnw,187
1201,grygrycz,kij,grygrycz,kij_grygrycz,188
1201,gurniewice,kij,gurnwc,kij_grnwc,189
1201,hajsan,kij,hjsn,kij_hjsn,190
1201,ilince,kij,lnc,kij_lnc,191
1201,jahorlik,kij,jhrlk,kij_jhrlk,192
1201,janoszgrod,kij,jnszgrd,kij_jnszgrd,193
1201,janow,kij,jnw,kij_jnw,194
1201,jozefgrod,kij,jzfgrd,kij_jzfgrd,195
1201,kalnik,kij,klnk,kij_klnk,196
1201,kitajgrod,pod,ktjgrd,pod_ktjgrd,197
1201,kochanowka,kij,kchnwk,kij_kchnwk,198
1201,kolatynka,kij,kltynk,kij_kltynk,199
1201,kolumnow,kij,klumnw,kij_klmnw,200
1201,kruty,kij,kruty,kij_krty,201
1201,kublicz,kij,kublcz,kij_kblcz,202
1201,kuzminka,kij,kuzmnk,kij_kzmnk,203
1201,kuznica,kij,kuznc,kij_kznc,204
1201,komajgrod,kij,kmjgrd,kij_kmjgrd,205
1201,krasne,kij,krsn,kij_krsn,206
1201,lityn,kij,ltyn,kij_ltyn,207
1201,markowka,kij,mrkwk,kij_mrkwk,208
1201,miastkowka,kij,mstkwk,kij_mstkwk,209
1201,monasterzyska,kij,mnstrzysk,kij_mnstrzysk,210
1201,murachwa,kij,murchw,kij_mrchw,211
1201,niemirow,kij,nmrw,kij_nmrw,212
1201,obodowka,kij,bdwk,kij_bdwk,213
1201,pieczara,kij,pczr,kij_pczr,214
1201,przyluka,kij,przyluk,kij_przylk,215
1201,rajgrod,kij,rjgrd,kij_rjgrd,216
1201,raszkow,kij,rszkw,kij_rszkw,217
1201,roznialowka,kij,rznlwk,kij_rznlwk,218
1201,sawran,kij,swrn,kij_swrn,219
1201,sieliszcza,kij,slszcz,kij_slszcz,220
1201,salasze,kij,slsz,kij_slsz,221
1201,sokolowka,kij,sklwk,kij_sklwk,222
1201,strzyzawka,kij,strzyzwk,kij_strzyzwk,223
1201,szopkowice,kij,szpkwc,kij_szpkwc,224
1201,teplic,kij,tplc,kij_tplc,225
1201,terlowka,kij,trlwk,kij_trlwk,226
1201,tomaszpol,kij,tmszpl,kij_tmszpl,227
1201,trostianiec,kij,trstnc,kij_trstnc,228
1201,tulczyn,kij,tulczyn,kij_tlczyn,229
1201,turia,kij,tur,kij_tr,230
1201,tywrow,kij,tywrw,kij_tywrw,231
1201,uman,kij,umn,kij_mn,232
1201,winnica,kij,wnnc,kij_wnnc,233
1201,uladowka,pod,uldwk,pod_ldwk,234
1201,woronowica,kij,wrnwc,kij_wrnwc,235
1201,woroszylowka,kij,wrszylwk,kij_wrszylwk,236
1201,zadykowicz,kij,zdykwcz,kij_zdykwcz,237
1201,zinkow,pod,znkw,pod_znkw,238
1201,zorniszcza,kij,zrnszcz,kij_zrnszcz,239
1201,zwierzchowka,kij,zwrzchwk,kij_zwrzchwk,240
1201,ladyzyn,kij,ldyzyn,kij_ldyzyn,241
1201,lipowiec,kij,lpwc,kij_lpwc,242
1202,barysz,hlc,brysz,hlc_brysz,243
1202,baworow,hlc,bwrw,hlc_bwrw,244
1202,bialoboznica,hlc,blbznc,hlc_blbznc,245
1202,biloboznica,hlc,blbznc,hlc_blbznc,246
1202,bohorodczany,hlc,bhrdczny,hlc_bhrdczny,247
1202,bolszowiec,hlc,blszwc,hlc_blszwc,248
1202,buczacz,hlc,buczcz,hlc_bczcz,249
1202,budzanow,hlc,budznw,hlc_bdznw,250
1202,bukaszowce,hlc,bukszwc,hlc_bkszwc,251
1202,bursztyn,hlc,bursztyn,hlc_brsztyn,252
1202,chorostkow,hlc,chrstkw,hlc_chrstkw,253
1202,czernelica,hlc,czrnlc,hlc_czrnlc,254
1202,czortkow,hlc,czrtkw,hlc_czrtkw,255
1202,delatyn,hlc,dltyn,hlc_dltyn,256
1202,gwoωdziec,hlc,gwωdzc,hlc_gwωdzc,257
1202,halicz,hlc,hlcz,hlc_hlcz,258
1202,horodenka,hlc,hrdnk,hlc_hrdnk,259
1202,horozanka,hlc,hrznk,hlc_hrznk,260
1202,janow,hlc,jnw,hlc_jnw,261
1202,jezupol,hlc,jzupl,hlc_jzpl,262
1202,kakielniki,hlc,kklnk,hlc_kklnk,263
1202,kalusz,hlc,klusz,hlc_klsz,264
1202,kamionka,hlc,kmnk,hlc_kmnk,265
1202,kopyczynce,hlc,kpyczync,hlc_kpyczync,266
1202,kozlow,hlc,kzlw,hlc_kzlw,267
1202,kolomyja,hlc,klmyj,hlc_klmyj,268
1202,kupczynce,hlc,kupczync,hlc_kpczync,269
1202,kosow,hlc,ksw,hlc_ksw,270
1202,kulaczkowce,hlc,kulczkwc,hlc_klczkwc,271
1202,martynow,hlc,mrtynw,hlc_mrtynw,272
1202,kuty,hlc,kuty,hlc_kty,273
1202,maryampol,hlc,mrympl,hlc_mrympl,274
1202,michalcze,hlc,mchlcz,hlc_mchlcz,275
1202,mikulince,hlc,mkulnc,hlc_mklnc,276
1202,monasterzyska,hlc,mnstrzysk,hlc_mnstrzysk,277
1202,nadworna,hlc,ndwrn,hlc_ndwrn,278
1202,nizniow,hlc,nznw,hlc_nznw,279
1202,obertyn,hlc,brtyn,hlc_brtyn,280
1202,otynia,hlc,tyn,hlc_tyn,281
1202,pistynia,hlc,pstyn,hlc_pstyn,282
1202,podhajce,hlc,pdhjc,hlc_pdhjc,283
1202,podkamien,hlc,pdkmn,hlc_pdkmn,284
1202,potok,hlc,ptk,hlc_ptk,285
1202,rohatyn,hlc,rhtyn,hlc_rhtyn,286
1202,skalat,hlc,sklt,hlc_sklt,287
1202,sniatyn,hlc,sntyn,hlc_sntyn,288
1202,solotwina,hlc,sltwn,hlc_sltwn,289
1202,stanislawow,hlc,stnslww,hlc_stnslww,290
1202,stratyn,hlc,strtyn,hlc_strtyn,291
1202,strusow,hlc,strusw,hlc_strsw,292
1202,stupczate,hlc,stupczt,hlc_stpczt,293
1202,suchostaw,hlc,suchstw,hlc_schstw,294
1202,tarnopol,hlc,trnpl,hlc_trnpl,295
1202,towste,hlc,twst,hlc_twst,296
1202,tysmenica,hlc,tysmnc,hlc_tysmnc,297
1202,tlumacz,hlc,tlumcz,hlc_tlmcz,298
1202,uscie,hlc,usc,hlc_sc,299
1202,wisniowczyk,hlc,wsnwczyk,hlc_wsnwczyk,300
1202,trembowla,hlc,trmbwl,hlc_trmbwl,301
1202,wojnilow,hlc,wjnlw,hlc_wjnlw,302
1202,zablotow,hlc,zbltw,hlc_zbltw,303
1202,zarwanica,hlc,zrwnc,hlc_zrwnc,304
1202,zawalow,hlc,zwlw,hlc_zwlw,305
1202,zlotniki,hlc,zltnk,hlc_zltnk,306
1202,dniatyn,hlc,dntyn,hlc_dntyn,307
1202,lysiec,hlc,lysc,hlc_lysc,308
1202,grzymalow,hlc,grzymlw,hlc_grzymlw,309
1202,maryampol,hlc,mrympl,hlc_mrympl,310
1203,bialykamien,lww,blykmn,lww_blykmn,311
1203,bialykamien_bobrka,lww,blykmn_bbrk,lww_blykmn_bbrk,312
1203,brody,lww,brdy,lww_brdy,313
1203,brzezany,lww,brzzny,lww_brzzny,314
1203,brzozdowce,lww,brzzdwc,lww_brzzdwc,315
1203,chodorow,lww,chdrw,lww_chdrw,316
1203,bolechow,lww,blchw,lww_blchw,317
1203,dolina,lww,dln,lww_dln,318
1203,dunajow,lww,dunjw,lww_dnjw,319
1203,gliniany,lww,glnny,lww_glnny,320
1203,gologory,lww,glgry,lww_glgry,321
1203,grodek,lww,grdk,lww_grdk,322
1203,janow,lww,jnw,lww_jnw,323
1203,jaryczow,lww,jryczw,lww_jryczw,324
1203,jaworow,lww,jwrw,lww_jwrw,325
1203,kamionka,lww,kmnk,lww_kmnk,326
1203,knichynicze,lww,knchyncz,lww_knchyncz,327
1203,komarno,lww,kmrn,lww_kmrn,328
1203,kozowa,lww,kzw,lww_kzw,329
1203,kukizow,lww,kukzw,lww_kkzw,330
1203,kulikow,lww,kulkw,lww_klkw,331
1203,lwow,lww,lww,lww_lww,332
1203,mikolajow,lww,mkljw,lww_mkljw,333
1203,nawarya,lww,nwry,lww_nwry,334
1203,olesko,lww,lsk,lww_lsk,335
1203,podkamien,lww,pdkmn,lww_pdkmn,336
1203,podwysokie,lww,pdwysk,lww_pdwysk,337
1203,pomorzany,lww,pmrzny,lww_pmrzny,338
1203,przemysliany,lww,przmyslny,lww_przmyslny,339
1203,rozdol,lww,rzdl,lww_rzdl,340
1203,rozniatow,lww,rzntw,lww_rzntw,341
1203,sasow,lww,ssw,lww_ssw,342
1203,sokolow,lww,sklw,lww_sklw,343
1203,sokolowka,lww,sklwk,lww_sklwk,344
1203,stanislawczyk,lww,stnslwczyk,lww_stnslwczyk,345
1203,strzeliska,lww,strzlsk,lww_strzlsk,346
1203,swierz,lww,swrz,lww_swrz,347
1203,szczerzec,lww,szczrzc,lww_szczrzc,348
1203,winniki,lww,wnnk,lww_wnnk,349
1203,zborow,lww,zbrw,lww_zbrw,350
1203,zloczow,lww,zlczw,lww_zlczw,351
1203,narajow,lww,nrjw,lww_nrjw,352
1203,bobrka,lww,bbrk,lww_bbrk,353
1203,wybranowka,lww,wybrnwk,lww_wybrnwk,354
1203,zurow,lww,zurw,lww_zrw,355
1203,zydaczow,lww,zydczw,lww_zydczw,356
1203,zolkiew,lww,zlkw,lww_zlkw,357
1203,zurawno,lww,zurwn,lww_zrwn,358
1300,biercza,prz,brcz,prz_brcz,359
1300,fredropol,prz,frdrpl,prz_frdrpl,360
1300,krukienice,prz,kruknc,prz_krknc,361
1300,rybotycze,prz,rybtycz,prz_rybtycz,362
1300,sambor,prz,smbr,prz_smbr,363
1300,stanislawow,prz,stnslww,prz_stnslww,364
1300,starosol,prz,strsl,prz_strsl,365
1300,stary_sambor,prz,stry_smbr,prz_stry_smbr,366
1300,uszkow,prz,uszkw,prz_szkw,367
1300,laszki,prz,lszk,prz_lszk,368
1300,nowomiasto_bybel,prz,nwmst_bybl,prz_nwmst_bybl,369
1401,dubno,wol,dubn,wol_dbn,370
1401,kamien_korzecki,wol,kmn_krzck,wol_kmn_krzck,371
1401,kowel,wol,kwl,wol_kwl,372
1401,michnowka,wol,mchnwk,wol_mchnwk,373
1401,miedzyrzecz_korecki,wol,mdzyrzcz_krck,wol_mdzyrzcz_krck,374
1401,milianowiec,wol,mlnwc,wol_mlnwc,375
1401,niesuchojeze,wol,nsuchjz,wol_nschjz,376
1401,olyka,wol,lyk,wol_lyk,377
1401,wyzwa,wol,wyzw,wol_wyzw,378
1401,warkowicze,wol,wrkwcz,wol_wrkwcz,379
1402,bazalia,wol,bzl,wol_bzl,380
1402,jampol,wol,jmpl,wol_jmpl,381
1402,kornica,wol,krnc,wol_krnc,382
1402,kozin,wol,kzn,wol_kzn,383
1402,krzemieniec,wol,krzmnc,wol_krzmnc,384
1402,lachowce,wol,lchwc,wol_lchwc,385
1402,lanowce,wol,lnwc,wol_lnwc,386
1402,oleksyniec,wol,lksync,wol_lksync,387
1402,oleszyce,wol,lszyc,wol_lszyc,388
1402,ozochowce,wol,zchwc,wol_zchwc,389
1402,ptycze,wol,ptycz,wol_ptycz,390
1402,perniatyn,wol,prntyn,wol_prntyn,391
1402,radziwilow,wol,rdzwlw,wol_rdzwlw,392
1402,rochmanow,wol,rchmnw,wol_rchmnw,393
1402,szumsk,wol,szumsk,wol_szmsk,394
1402,tofipol,wol,tfpl,wol_tfpl,395
1402,testuchow,wol,tstuchw,wol_tstchw,396
1402,werba,wol,wrb,wol_wrb,397
1402,wisniowiec,wol,wsnwc,wol_wsnwc,398
1402,woloczysko,wol,wlczysk,wol_wlczysk,399
1402,wyzgrodek,wol,wyzgrdk,wol_wyzgrdk,400
1402,zabikryk,wol,zbkryk,wol_zbkryk,401
1402,zbaraz,wol,zbrz,wol_zbrz,402
1402,czarnoostrow,pod,czrnstrw,pod_czrnstrw,403
1402,izumsk,wol,zumsk,wol_zmsk,404
1402,labun,wol,lbun,wol_lbn,405
1402,horynka,wol,hrynk,wol_hrynk,406
1402,klucz,wol,klucz,wol_klcz,407
1402,krupiec,wol,krupc,wol_krpc,408
1403,borowce,wol,brwc,wol_brwc,409
1403,czartorysk,wol,czrtrysk,wol_czrtrysk,410
1403,czetwertnie,wol,cztwrtn,wol_cztwrtn,411
1403,derewicz,wol,drwcz,wol_drwcz,412
1403,grodek,wol,grdk,wol_grdk,413
1403,janowka,wol,jnwk,wol_jnwk,414
1403,kaszowka,wol,kszwk,wol_kszwk,415
1403,kilikiew,wol,klkw,wol_klkw,416
1403,klewan,wol,klwn,wol_klwn,417
1403,kolki,wol,klk,wol_klk,418
1403,krasnostaw,wol,krsnstw,wol_krsnstw,419
1403,leszniowek,wol,lsznwk,wol_lsznwk,420
1403,morawica,wol,mrwc,wol_mrwc,421
1403,okonsk,wol,knsk,wol_knsk,422
1403,ostrozec,wol,strzc,wol_strzc,423
1403,rafalowka,wol,rflwk,wol_rflwk,424
1403,targowica,wol,trgwc,wol_trgwc,425
1403,trojanowka,wol,trjnwk,wol_trjnwk,426
1403,wisienki,wol,wsnk,wol_wsnk,427
1403,luck,wol,luck,wol_lck,428
1403,mielnica,wol,mlnc,wol_mlnc,429
1403,zurawno,wol,zurwn,wol_zrwn,430
1404,dziunkow,brc,dzunkw,brc_dznkw,431
1404,lipowiec,brc,lpwc,brc_lpwc,432
1404,pikow,brc,pkw,brc_pkw,433
1404,strzyzawka,brc,strzyzwk,brc_strzyzwk,434
1404,tetyjow,brc,ttyjw,brc_ttyjw,435
1404,ulanow,pod,ulnw,pod_lnw,436
1404,winnica,brc,wnnc,brc_wnnc,437
1404,zywotow,brc,zywtw,brc_zywtw,438
1405,berdyczow,kij,brdyczw,kij_brdyczw,439
1405,bialocerkiew,kij,blcrkw,kij_blcrkw,440
1405,bialopole,kij,blpl,kij_blpl,441
1405,bilylowka,kij,blylwk,kij_blylwk,442
1405,biylowka,kij,bylwk,kij_bylwk,443
1405,bohuslaw,kij,bhuslw,kij_bhslw,444
1405,borodianka,kij,brdnk,kij_brdnk,445
1405,borowica,kij,brwc,kij_brwc,446
1405,borszczejowka,kij,brszczjwk,kij_brszczjwk,447
1405,brusylow,kij,brusylw,kij_brsylw,448
1405,buzyn,kij,buzyn,kij_bzyn,449
1405,bystryk,kij,bystryk,kij_bystryk,450
1405,byszow,kij,byszw,kij_byszw,451
1405,chabnoje,kij,chbnj,kij_chbnj,452
1405,chodarkow,kij,chdrkw,kij_chdrkw,453
1405,cudnow,kij,cudnw,kij_cdnw,454
1405,czajkowka,kij,czjkwk,kij_czjkwk,455
1405,czehryn,kij,czhryn,kij_czhryn,456
1405,czerkasy,kij,czrksy,kij_czrksy,457
1405,czerniechow,kij,czrnchw,kij_czrnchw,458
1405,czerwone,kij,czrwn,kij_czrwn,459
1405,dolbysz,kij,dlbysz,kij_dlbysz,460
1405,fastow,kij,fstw,kij_fstw,461
1405,hermanowka,kij,hrmnwk,kij_hrmnwk,462
1405,hornostajpol,kij,hrnstjpl,kij_hrnstjpl,463
1405,horodyszcze,kij,hrdyszcz,kij_hrdyszcz,464
1405,horoszkow,kij,hrszkw,kij_hrszkw,465
1405,husia,kij,hus,kij_hs,466
1405,iwnica,kij,wnc,kij_wnc,467
1405,jasnohorodka,kij,jsnhrdk,kij_jsnhrdk,468
1405,kahorlik,kij,khrlk,kij_khrlk,469
1405,kalnibloto,kij,klnblt,kij_klnblt,470
1405,kamionka,kij,kmnk,kij_kmnk,471
1405,kaniow,kij,knw,kij_knw,472
1405,kodnia,kij,kdn,kij_kdn,473
1405,korostaszow,kij,krstszw,kij_krstszw,474
1405,korsun,kij,krsun,kij_krsn,475
1405,koszowata,kij,kszwt,kij_kszwt,476
1405,kotelnia,kij,ktln,kij_ktln,477
1405,krasnopol,kij,krsnpl,kij_krsnpl,478
1405,krylow,kij,krylw,kij_krylw,479
1405,ksawerow,kij,kswrw,kij_kswrw,480
1405,leszczyn,kij,lszczyn,kij_lszczyn,481
1405,medwedowka,kij,mdwdwk,kij_mdwdwk,482
1405,medwincy,kij,mdwncy,kij_mdwncy,483
1405,miedzyrzecz,kij,mdzyrzcz,kij_mdzyrzcz,484
1405,miropol,kij,mrpl,kij_mrpl,485
1405,moszna,kij,mszn,kij_mszn,486
1405,motowilowka,kij,mtwlwk,kij_mtwlwk,487
1405,motowolowka,kij,mtwlwk,kij_mtwlwk,488
1405,nowy_lubar,kij,nwy_lubr,kij_nwy_lbr,489
1405,olewsk,kij,lwsk,kij_lwsk,490
1405,olszanaja,kij,lsznj,kij_lsznj,491
1405,pawolocz,kij,pwlcz,kij_pwlcz,492
1405,piatka,kij,ptk,kij_ptk,493
1405,pohrebyszcze,kij,phrbyszcz,kij_phrbyszcz,494
1405,pradzow,kij,prdzw,kij_prdzw,495
1405,przyborsk,kij,przybrsk,kij_przybrsk,496
1405,radomysl,kij,rdmysl,kij_rdmysl,497
1405,rejgrod,kij,rjgrd,kij_rjgrd,498
1405,rokitna,kij,rktn,kij_rktn,499
1405,rozow,kij,rzw,kij_rzw,500
1405,ruzyn,kij,ruzyn,kij_rzyn,501
1405,rzeszczow,kij,rzszczw,kij_rzszczw,502
1405,skwira,kij,skwr,kij_skwr,503
1405,smyla,kij,smyl,kij_smyl,504
1405,stawiszcze,kij,stwszcz,kij_stwszcz,505
1405,slobodyszcze,kij,slbdyszcz,kij_slbdyszcz,506
1405,taraszcza,kij,trszcz,kij_trszcz,507
1405,steblow,kij,stblw,kij_stblw,508
1405,traktamirow,kij,trktmrw,kij_trktmrw,509
1405,trojanow,kij,trjnw,kij_trjnw,510
1405,uszomier,kij,uszmr,kij_szmr,511
1405,wernyhorodok,kij,wrnyhrdk,kij_wrnyhrdk,512
1405,wilsk,kij,wlsk,kij_wlsk,513
1405,wolodarka,kij,wldrk,kij_wldrk,514
1405,lowkow,kij,lwkw,kij_lwkw,515
1405,lysianka,kij,lysnk,kij_lysnk,516
1405,machnowka,kij,mchnwk,kij_mchnwk,517
1405,makarow,kij,mkrw,kij_mkrw,518
1405,zabotyn,kij,zbtyn,kij_zbtyn,519
1405,zytomierz,kij,zytmrz,kij_zytmrz,520
1406,aleksandryja,wol,lksndryj,wol_lksndryj,521
1406,annopol,wol,nnpl,wol_nnpl,522
1406,baranowka,wol,brnwk,wol_brnwk,523
1406,berezdow,wol,brzdw,wol_brzdw,524
1406,bereznica,wol,brznc,wol_brznc,525
1406,berezno,wol,brzn,wol_brzn,526
1406,bialogrodka,wol,blgrdk,wol_blgrdk,527
1406,czartoryja,wol,czrtryj,wol_czrtryj,528
1406,czernilowka,wol,czrnlwk,wol_czrnlwk,529
1406,derazna,wol,drzn,wol_drzn,530
1406,derman,wol,drmn,wol_drmn,531
1406,gupkow,wol,gupkw,wol_gpkw,532
1406,hoszcza,wol,hszcz,wol_hszcz,533
1406,hrycow,wol,hrycw,wol_hrycw,534
1406,hulewiczow,wol,hulwczw,wol_hlwczw,535
1406,janow,wol,jnw,wol_jnw,536
1406,kamienczyk,wol,kmnczyk,wol_kmnczyk,537
1406,konstantynow,wol,knstntynw,wol_knstntynw,538
1406,korzec,wol,krzc,wol_krzc,539
1406,kozin,wol,kzn,wol_kzn,540
1406,krasylow,wol,krsylw,wol_krsylw,541
1406,krupa,wol,krup,wol_krp,542
1406,kulczyn,wol,kulczyn,wol_klczyn,543
1406,kuniow,wol,kunw,wol_knw,544
1406,kuzmin,wol,kuzmn,wol_kzmn,545
1406,maryan,wol,mryn,wol_mryn,546
1406,miedzyrzecz_korecki,wol,mdzyrzcz_krck,wol_mdzyrzcz_krck,547
1406,misicz_maly,wol,mscz_mly,wol_mscz_mly,548
1406,misocz,wol,mscz,wol_mscz,549
1406,ostropol,wol,strpl,wol_strpl,550
1406,ostrog,wol,strg,wol_strg,551
1406,rowno,wol,rwn,wol_rwn,552
1406,polonne,wol,plnn,wol_plnn,553
1406,sarny,wol,srny,wol_srny,554
1406,stepan,wol,stpn,wol_stpn,555
1406,sudylkow,wol,sudylkw,wol_sdylkw,556
1406,szumsk,wol,szumsk,wol_szmsk,557
1406,slawuta,wol,slwut,wol_slwt,558
1406,tuczyn,wol,tuczyn,wol_tczyn,559
1406,szepetowka,wol,szptwk,wol_szptwk,560
1406,warkowicze,wol,wrkwcz,wol_wrkwcz,561
1406,wlodzimirzec,wol,wldzmrzc,wol_wldzmrzc,562
1406,zaslaw,wol,zslw,wol_zslw,563
1406,zwiahel,wol,zwhl,wol_zwhl,564
1406,labun,wol,lbun,wol_lbn,565
1406,leczna,wol,lczn,wol_lczn,566
1406,wolynska_derewicz,wol,wlynsk_drwcz,wol_wlynsk_drwcz,567
1406,lubar,wol,lubr,wol_lbr,568
1406,lubomirka,wol,lubmrk,wol_lbmrk,569
1407,brahin,kij,brhn,kij_brhn,570
1407,chojniki,kij,chjnk,kij_chjnk,571
1407,choszczomel,kij,chszczml,kij_chszczml,572
1407,czarnobyl,kij,czrnbyl,kij_czrnbyl,573
1407,dymidow,kij,dymdw,kij_dymdw,574
1407,owrucz,kij,wrucz,kij_wrcz,575
1407,sylweszna,kij,sylwszn,kij_sylwszn,576
1407,wieledniki,kij,wldnk,kij_wldnk,577
1407,lubianka,kij,lubnk,kij_lbnk,578
1407,luhyny,kij,luhyny,kij_lhyny,579
1407,narodycze,kij,nrdycz,kij_nrdycz,580
1407,nordzynsk,kij,nrdzynsk,kij_nrdzynsk,581
1408,bersteczko,wol,brstczk,wol_brstczk,582
1408,druszkopol,wol,druszkpl,wol_drszkpl,583
1408,bludow,wol,bludw,wol_bldw,584
1408,horochow,wol,hrchw,wol_hrchw,585
1408,hulowka,wol,hulwk,wol_hlwk,586
1408,jeziorzany,wol,jzrzny,wol_jzrzny,587
1408,kisielin,wol,ksln,wol_ksln,588
1408,lesniow,wol,lsnw,wol_lsnw,589
1408,michalowka,wol,mchlwk,wol_mchlwk,590
1408,ozdiutycze,wol,zdutycz,wol_zdtycz,591
1408,poryck,wol,pryck,wol_pryck,592
1408,rozenpol,wol,rznpl,wol_rznpl,593
1408,sokol,wol,skl,wol_skl,594
1408,stobuchwa,wol,stbuchw,wol_stbchw,595
1408,stolowka,wol,stlwk,wol_stlwk,596
1408,stremilche,blz,strmlch,blz_strmlch,597
1408,swiniuchy,wol,swnuchy,wol_swnchy,598
1408,torczyn,wol,trczyn,wol_trczyn,599
1408,uscilug,wol,usclug,wol_sclg,600
1408,wlodzimierz,wol,wldzmrz,wol_wldzmrz,601
1408,lobaczowka,wol,lbczwk,wol_lbczwk,602
1408,boromel,wol,brml,wol_brml,603
1408,lokacze,wol,lkcz,wol_lkcz,604
1408,turzysk,wol,turzysk,wol_trzysk,605
1408,milatyn,wol,mltyn,wol_mltyn,606
1408,orychow,wol,rychw,wol_rychw,607
0200,blazow,rus,blzw,rus_blzw,608
0200,czudec,snd,czudc,snd_czdc,609
0200,frysztak,snd,frysztk,snd_frysztk,610
0200,glogow,snd,glgw,snd_glgw,611
0200,krasnobrod,rus,krsnbrd,rus_krsnbrd,612
0200,niebylec,snd,nbylc,snd_nbylc,613
0200,ropczyce,snd,rpczyc,snd_rpczyc,614
0200,rozwadow,swr,rzwdw,swr_rzwdw,615
0200,rzeszow,rus,rzszw,rus_rzszw,616
0200,sedrzyszow,snd,sdrzyszw,snd_sdrzyszw,617
0200,strzyzow,snd,strzyzw,snd_strzyzw,618
0200,wielopole,snd,wlpl,snd_wlpl,619
0200,tyczyn,rus,tyczyn,rus_tyczyn,620
0301,goworowo,maz,gwrw,maz_gwrw,621
0301,grajew,maz,grjw,maz_grjw,622
0301,jablonna,maz,jblnn,maz_jblnn,623
0301,jedwabne,maz,jdwbn,maz_jdwbn,624
0301,kleczkowo,maz,klczkw,maz_klczkw,625
0301,lipniki,maz,lpnk,maz_lpnk,626
0301,myszyniec,maz,myszync,maz_myszync,627
0301,nowogrod,maz,nwgrd,maz_nwgrd,628
0301,rudka,maz,rudk,maz_rdk,629
0301,sniadow,maz,sndw,maz_sndw,630
0301,stawiski,maz,stwsk,maz_stwsk,631
0301,stawiski,maz,stwsk,maz_stwsk,632
0301,szczucin,maz,szczucn,maz_szczcn,633
0301,troszyn,maz,trszyn,maz_trszyn,634
0301,wizna,maz,wzn,maz_wzn,635
0301,zawadow,maz,zwdw,maz_zwdw,636
0301,zambrow,maz,zmbrw,maz_zmbrw,637
0302,augustow,pdl,ugustw,pdl_gstw,638
0302,bialystok,pdl,blystk,pdl_blystk,639
0302,boczki,pdl,bczk,pdl_bczk,640
0302,drohiczyn,pdl,drhczyn,pdl_drhczyn,641
0302,goniadz,pdl,gndz,pdl_gndz,642
0302,jasionowka,pdl,jsnwk,pdl_jsnwk,643
0302,knyszyn,pdl,knyszyn,pdl_knyszyn,644
0302,losice,pdl,lsc,pdl_lsc,645
0302,mielnik,pdl,mlnk,pdl_mlnk,646
0302,niemirow,pdl,nmrw,pdl_nmrw,647
0302,orly,pdl,rly,pdl_rly,648
0302,osowiec,pdl,swc,pdl_swc,649
0302,rajgrod,pdl,rjgrd,pdl_rjgrd,650
0302,rajgrod,pdl,rjgrd,pdl_rjgrd,651
0302,siemiatycze,pdl,smtycz,pdl_smtycz,652
0302,sokoly,pdl,skly,pdl_skly,653
0302,suraz,pdl,surz,pdl_srz,654
0302,tykocin,pdl,tykcn,pdl_tykcn,655
0302,wiszna,pdl,wszn,pdl_wszn,656
0302,wysokie_mazowieckie,pdl,wysk_mzwck,pdl_wysk_mzwck,657
0302,konstantynow,pdl,knstntynw,pdl_knstntynw,658
0302,sarnaki,pdl,srnk,pdl_srnk,659
0302,rososz,pdl,rssz,pdl_rssz,660
0401,czyzew,maz,czyzw,maz_czyzw,661
0401,goworowo,maz,gwrw,maz_gwrw,662
0401,kaluszyn,maz,kluszyn,maz_klszyn,663
0401,kamienczyk,maz,kmnczyk,maz_kmnczyk,664
0401,karczew,maz,krczw,maz_krczw,665
0401,minsk_mazowiecki,maz,mnsk_mzwck,maz_mnsk_mzwck,666
0401,ostrow_mazowiecka,maz,strw_mzwck,maz_strw_mzwck,667
0401,radzymin,maz,rdzymn,maz_rdzymn,668
0401,stoczek,maz,stczk,maz_stczk,669
0401,wasewo,maz,wsw,maz_wsw,670
0401,zareby,maz,zrby,maz_zrby,671
0401,zareby_koscielne,maz,zrby_kscln,maz_zrby_kscln,672
0401,wolka_brzezinska,maz,wlk_brzznsk,maz_wlk_brzznsk,673
0401,wolka_goworowska,maz,wlk_gwrwsk,maz_wlk_gwrwsk,674
0401,dobre,maz,dbr,maz_dbr,675
0401,jadow,maz,jdw,maz_jdw,676
0401,liw,maz,lw,maz_lw,677
0401,siennica,maz,snnc,maz_snnc,678
0401,niegow,maz,ngw,maz_ngw,679
0402,ciechanowiec,pdl,cchnwc,pdl_cchnwc,680
0402,kosow_lacki,pdl,ksw_lck,pdl_ksw_lck,681
0402,mordy,pdl,mrdy,pdl_mrdy,682
0402,sterdyn,pdl,strdyn,pdl_strdyn,683
0402,wegrow,pdl,wgrw,pdl_wgrw,684
0402,mokobody,pdl,mkbdy,pdl_mkbdy,685
0402,sokolow_podlaski,pdl,sklw_pdlsk,pdl_sklw_pdlsk,686
0402,wysokie_mazowieckie,pdl,wysk_mzwck,pdl_wysk_mzwck,687
0501,belz,blz,blz,blz_blz,688
0501,cieszanow,blz,csznw,blz_csznw,689
0501,dobrotwor,blz,dbrtwr,blz_dbrtwr,690
0501,dubienka,blz,dubnk,blz_dbnk,691
0501,grabowiec,blz,grbwc,blz_grbwc,692
0501,horodlo,blz,hrdl,blz_hrdl,693
0501,komorow,blz,kmrw,blz_kmrw,694
0501,korytnica,blz,krytnc,blz_krytnc,695
0501,krystynpol,blz,krystynpl,blz_krystynpl,696
0501,libicza,blz,lbcz,blz_lbcz,697
0501,lubaczow,blz,lubczw,blz_lbczw,698
0501,lubela,blz,lubl,blz_lbl,699
0501,mosty_krolewkie,blz,msty_krlwk,blz_msty_krlwk,700
0501,mosty_szlacheckie,blz,msty_szlchck,blz_msty_szlchck,701
0501,narol,blz,nrl,blz_nrl,702
0501,niemierow,blz,nmrw,blz_nmrw,703
0501,oleszczyce,blz,lszczyc,blz_lszczyc,704
0501,potok,blz,ptk,blz_ptk,705
0501,przewale,blz,przwl,blz_przwl,706
0501,rachanie,blz,rchn,blz_rchn,707
0501,radziechow,blz,rdzchw,blz_rdzchw,708
0501,rawa_ruska,blz,rw_rusk,blz_rw_rsk,709
0501,stojanow,blz,stjnw,blz_stjnw,710
0501,szczurowice,blz,szczurwc,blz_szczrwc,711
0501,tartakow,blz,trtkw,blz_trtkw,712
0501,toporow,blz,tprw,blz_tprw,713
0501,tyszowce,blz,tyszwc,blz_tyszwc,714
0501,uhnow,blz,uhnw,blz_hnw,715
0501,warez,blz,wrz,blz_wrz,716
0501,witkow,blz,wtkw,blz_wtkw,717
0501,busk,blz,busk,blz_bsk,718
0501,potylicz,blz,ptylcz,blz_ptylcz,719
0501,jaroczew,blz,jrczw,blz_jrczw,720
0501,lipsko,blz,lpsk,blz_lpsk,721
0501,sokal,blz,skl,blz_skl,722
0502,bilgoraj,lbl,blgrj,lbl_blgrj,723
0502,chelm,rus,chlm,rus_chlm,724
0502,gorzkow,lbl,grzkw,lbl_grzkw,725
0502,holeszow,rus,hlszw,rus_hlszw,726
0502,krasnobrod,rus,krsnbrd,rus_krsnbrd,727
0502,krasniczyn,rus,krsnczyn,rus_krsnczyn,728
0502,lubomla,rus,lubml,rus_lbml,729
0502,krylow,rus,krylw,rus_krylw,730
0502,maciejow,rus,mcjw,rus_mcjw,731
0502,modliborzyce,lbl,mdlbrzyc,lbl_mdlbrzyc,732
0502,opalin,rus,pln,rus_pln,733
0502,ratno,rus,rtn,rus_rtn,734
0502,rejowice,rus,rjwc,rus_rjwc,735
0502,siedliszcze,rus,sdlszcz,rus_sdlszcz,736
0502,sieniawa,rus,snw,rus_snw,737
0502,skierbieszow,rus,skrbszw,rus_skrbszw,738
0502,swierz,rus,swrz,rus_swrz,739
0502,szczebreszyn,rus,szczbrszyn,rus_szczbrszyn,740
0502,tarnogora,rus,trngr,rus_trngr,741
0502,turobin,rus,turbn,rus_trbn,742
0502,wojslawice,rus,wjslwc,rus_wjslwc,743
0502,hrubieszow,rus,hrubszw,rus_hrbszw,744
0502,uchanie,rus,uchn,rus_chn,745
0502,krosniczyn,rus,krsnczyn,rus_krsnczyn,746
0502,pilaszkowiec,lbl,plszkwc,lbl_plszkwc,747
0601,bratian,chl,brtn,chl_brtn,748
0601,ciborz,chl,cbrz,chl_cbrz,749
0601,fijewo,chl,fjw,chl_fjw,750
0601,ostromecko,chl,strmck,chl_strmck,751
0601,szembruk,chl,szmbruk,chl_szmbrk,752
0601,plowez,chl,plwz,chl_plwz,753
0601,pokrzywno,chl,pkrzywn,chl_pkrzywn,754
0601,torun,chl,trun,chl_trn,755
0601,wlewsk,chl,wlwsk,chl_wlwsk,756
0602,brzesc,kij,brzsc,kij_brzsc,757
0602,dobrzyn,inw,dbrzyn,inw_dbrzyn,758
0602,fordon,inw,frdn,inw_frdn,759
0602,inowroclaw,inw,nwrclw,inw_nwrclw,760
0602,izbica,kij,zbc,kij_zbc,761
0602,kikol,inw,kkl,inw_kkl,762
0602,kowal,kij,kwl,kij_kwl,763
0602,lipno,inw,lpn,inw_lpn,764
0602,lubrabiec,kij,lubrbc,kij_lbrbc,765
0602,lubraniec,kij,lubrnc,kij_lbrnc,766
0602,piotrkow,kij,ptrkw,kij_ptrkw,767
0602,przedecz,kij,przdcz,kij_przdcz,768
0602,radziki,inw,rdzk,inw_rdzk,769
0602,strzelno,kij,strzln,kij_strzln,770
0602,zoledowo,inw,zldw,inw_zldw,771
0603,barcin,kls,brcn,kls_brcn,772
0603,borek,kls,brk,kls_brk,773
0603,chodziez,kls,chdzz,kls_chdzz,774
0603,czerniejow,kls,czrnjw,kls_czrnjw,775
0603,debrzno_frydland,kls,dbrzn_frydlnd,kls_dbrzn_frydlnd,776
0603,dzialyn,kls,dzlyn,kls_dzlyn,777
0603,gniezno,kls,gnzn,kls_gnzn,778
0603,golancza,kls,glncz,kls_glncz,779
0603,golina,kls,gln,kls_gln,780
0603,granowo,kls,grnw,kls_grnw,781
0603,jarocin,kls,jrcn,kls_jrcn,782
0603,jaroczew,kls,jrczw,kls_jrczw,783
0603,kalisz,kls,klsz,kls_klsz,784
0603,karmin,kls,krmn,kls_krmn,785
0603,kazimierz,kls,kzmrz,kls_kzmrz,786
0603,kcynia,kls,kcyn,kls_kcyn,787
0603,kleczew,kls,klczw,kls_klczw,788
0603,kobylin,kls,kbyln,kls_kbyln,789
0603,kozmin,kls,kzmn,kls_kzmn,790
0603,kolo,kls,kl,kls_kl,791
0603,konin,kls,knn,kls_knn,792
0603,koωminek,kls,kωmnk,kls_kωmnk,793
0603,krajenka,kls,krjnk,kls_krjnk,794
0603,krotoszyn,kls,krtszyn,kls_krtszyn,795
0603,kurnik,kls,kurnk,kls_krnk,796
0603,margonin,kls,mrgnn,kls_mrgnn,797
0603,mrocza,kls,mrcz,kls_mrcz,798
0603,naklo,kls,nkl,kls_nkl,799
0603,nowemiasto_on_warta,kls,nwmst_n_wrt,kls_nwmst_n_wrt,800
0603,odolanow,kls,dlnw,kls_dlnw,801
0603,pogorzel,kls,pgrzl,kls_pgrzl,802
0603,pyzdry,kls,pyzdry,kls_pyzdry,803
0603,raszkow,kls,rszkw,kls_rszkw,804
0603,russocice,kls,russcc,kls_rsscc,805
0603,rychwal,kls,rychwl,kls_rychwl,806
0603,rychwal,kls,rychwl,kls_rychwl,807
0603,sempelborg,kls,smplbrg,kls_smplbrg,808
0603,skoki,kls,skk,kls_skk,809
0603,stawiszyn,kls,stwszyn,kls_stwszyn,810
0603,wilczyn,kls,wlczyn,kls_wlczyn,811
0603,witkow,kls,wtkw,kls_wtkw,812
0603,wrzesnia,kls,wrzsn,kls_wrzsn,813
0603,zaniemysl,kls,znmysl,kls_znmysl,814
0603,zduny,kls,zduny,kls_zdny,815
0603,zlotowo,kls,zltw,kls_zltw,816
0603,labuszyn,kls,lbuszyn,kls_lbszyn,817
0603,zerkow,kls,zrkw,kls_zrkw,818
0603,ostrow,kls,strw,kls_strw,819
0603,ledyczek,kls,ldyczk,kls_ldyczk,820
0603,miloslaw,kls,mlslw,kls_mlslw,821
0603,lobzenica,kls,lbznc,kls_lbznc,822
0603,zydow,kls,zydw,kls_zydw,823
0604,bielawy,lcz,blwy,lcz_blwy,824
0604,bratoszowice,lcz,brtszwc,lcz_brtszwc,825
0604,brzeziny,lcz,brzzny,lcz_brzzny,826
0604,brzeziny,lcz,brzzny,lcz_brzzny,827
0604,kalow,lcz,klw,lcz_klw,828
0604,krosniewice,lcz,krsnwc,lcz_krsnwc,829
0604,leczyca,lcz,lczyc,lcz_lczyc,830
0604,parzeczew,lcz,przczw,lcz_przczw,831
0604,piatek,lcz,ptk,lcz_ptk,832
0604,sobota,lcz,sbt,lcz_sbt,833
0604,strykow,lcz,strykw,lcz_strykw,834
0604,ujazd,lcz,ujzd,lcz_jzd,835
0604,ujazd,lcz,ujzd,lcz_jzd,836
0605,burzenin,swr,burznn,swr_brznn,837
0605,blaszkow,swr,blszkw,swr_blszkw,838
0605,boleslaw,swr,blslw,swr_blslw,839
0605,ciechanow,maz,cchnw,maz_cchnw,840
0605,dobra,swr,dbr,swr_dbr,841
0605,grabow,swr,grbw,swr_grbw,842
0605,kepno,swr,kpn,swr_kpn,843
0605,makow,maz,mkw,maz_mkw,844
0605,nasielsk,maz,nslsk,maz_nslsk,845
0605,piotrkow,swr,ptrkw,swr_ptrkw,846
0605,rozan,maz,rzn,maz_rzn,847
0605,tuszyn,swr,tuszyn,swr_tszyn,848
0605,wieruszow,swr,wruszw,swr_wrszw,849
0605,wyszogrod,maz,wyszgrd,maz_wyszgrd,850
0605,zloczew,swr,zlczw,swr_zlczw,851
0605,warta,swr,wrt,swr_wrt,852
0605,widawa,swr,wdw,swr_wdw,853
0605,lask,swr,lsk,swr_lsk,854
0605,lutomiersk,swr,lutmrsk,swr_ltmrsk,855
0606,biezun,plc,bzun,plc_bzn,856
0606,drobin,plc,drbn,plc_drbn,857
0606,kuczbork,plc,kuczbrk,plc_kczbrk,858
0606,mlawa,plc,mlw,plc_mlw,859
0606,plock,plc,plck,plc_plck,860
0606,plonsk,plc,plnsk,plc_plnsk,861
0606,radzanow,plc,rdznw,plc_rdznw,862
0606,sierpc,plc,srpc,plc_srpc,863
0606,szrensk,plc,szrnsk,plc_szrnsk,864
0607,babimost,pzn,bbmst,pzn_bbmst,865
0607,bojanow,pzn,bjnw,pzn_bjnw,866
0607,broice,pzn,brc,pzn_brc,867
0607,charnkow,pzn,chrnkw,pzn_chrnkw,868
0607,czempin,pzn,czmpn,pzn_czmpn,869
0607,czlop,pzn,czlp,pzn_czlp,870
0607,frydlandek,pzn,frydlndk,pzn_frydlndk,871
0607,goslina,pzn,gsln,pzn_gsln,872
0607,grodzisko,pzn,grdzsk,pzn_grdzsk,873
0607,heinrichdorf,pzn,hnrchdrf,pzn_hnrchdrf,874
0607,heinrichsdorf,pzn,hnrchsdrf,pzn_hnrchsdrf,875
0607,jutrosin,pzn,jutrsn,pzn_jtrsn,876
0607,kargowa,pzn,krgw,pzn_krgw,877
0607,lwowek,pzn,lwwk,pzn_lwwk,878
0607,miedzychod,pzn,mdzychd,pzn_mdzychd,879
0607,miedzyrzecz,pzn,mdzyrzcz,pzn_mdzyrzcz,880
0607,mosina,pzn,msn,pzn_msn,881
0607,oborniki,pzn,brnk,pzn_brnk,882
0607,obrzysko,pzn,brzysk,pzn_brzysk,883
0607,osieczna,pzn,sczn,pzn_sczn,884
0607,pila,pzn,pl,pzn_pl,885
0607,pniewy,pzn,pnwy,pzn_pnwy,886
0607,rakoniewice,pzn,rknwc,pzn_rknwc,887
0607,rawicz,pzn,rwcz,pzn_rwcz,888
0607,restarzew,pzn,rstrzw,pzn_rstrzw,889
0607,rogozno,pzn,rgzn,pzn_rgzn,890
0607,samowa,pzn,smw,pzn_smw,891
0607,sierakow,pzn,srkw,pzn_srkw,892
0607,skwirzyna,pzn,skwrzyn,pzn_skwrzyn,893
0607,steszew,pzn,stszw,pzn_stszw,894
0607,szamotuly,pzn,szmtuly,pzn_szmtly,895
0607,szlichtyczkow,pzn,szlchtyczkw,pzn_szlchtyczkw,896
0607,szrem,pzn,szrm,pzn_szrm,897
0607,trzcianka,pzn,trzcnk,pzn_trzcnk,898
0607,trzciel,pzn,trzcl,pzn_trzcl,899
0607,tuczno,pzn,tuczn,pzn_tczn,900
0607,walcz,pzn,wlcz,pzn_wlcz,901
0607,wielen,pzn,wln,pzn_wln,902
0607,wolsztyn,pzn,wlsztyn,pzn_wlsztyn,903
0607,wronki,pzn,wrnk,pzn_wrnk,904
0607,wschowa,pzn,wschw,pzn_wschw,905
0607,zbaszyn,pzn,zbszyn,pzn_zbszyn,906
0607,lagowice,pzn,lgwc,pzn_lgwc,907
0607,leszno,pzn,lszn,pzn_lszn,908
0608,gabin,raw,gbn,raw_gbn,909
0608,grodzisk,raw,grdzsk,raw_grdzsk,910
0608,gluchow,raw,gluchw,raw_glchw,911
0608,glowno,raw,glwn,raw_glwn,912
0608,gostynin,raw,gstynn,raw_gstynn,913
0608,ilowo,raw,lw,raw_lw,914
0608,jakubek_in_kutno,raw,jkubk_n_kutn,raw_jkbk_n_ktn,915
0608,kutno,raw,kutn,raw_ktn,916
0608,mszczonow,raw,mszcznw,raw_mszcznw,917
0608,rawa,raw,rw,raw_rw,918
0608,sochaczew,raw,schczw,raw_schczw,919
0608,zychlin,raw,zychln,raw_zychln,920
0701,bedzin,krk,bdzn,krk_bdzn,921
0701,bobow,krk,bbw,krk_bbw,922
0701,brzesko,krk,brzsk,krk_brzsk,923
0701,czestochowa,krk,czstchw,krk_czstchw,924
0701,dukla,krk,dukl,krk_dkl,925
0701,dzialoszyce,krk,dzlszyc,krk_dzlszyc,926
0701,grybow,krk,grybw,krk_grybw,927
0701,jaslo,krk,jsl,krk_jsl,928
0701,kromolow,krk,krmlw,krk_krmlw,929
0701,ksiaz,krk,ksz,krk_ksz,930
0701,kuznice,krk,kuznc,krk_kznc,931
0701,makow_podhalanski,krk,mkw_pdhlnsk,krk_mkw_pdhlnsk,932
0701,nowy_sacz,krk,nwy_scz,krk_nwy_scz,933
0701,nowy_targ,krk,nwy_trg,krk_nwy_trg,934
0701,oksza,krk,ksz,krk_ksz,935
0701,olkusz,krk,lkusz,krk_lksz,936
0701,olsztyn,krk,lsztyn,krk_lsztyn,937
0701,pilca,krk,plc,krk_plc,938
0701,proszowice,krk,prszwc,krk_prszwc,939
0701,szczekociny,krk,szczkcny,krk_szczkcny,940
0701,wisnicz,krk,wsncz,krk_wsncz,941
0701,wolbrom,krk,wlbrm,krk_wlbrm,942
0701,zarnowiec,krk,zrnwc,krk_zrnwc,943
0701,biala,krk,bl,krk_bl,944
0701,gorlice,krk,grlc,krk_grlc,945
0701,koscielec,krk,ksclc,krk_ksclc,946
0701,lelow,krk,llw,krk_llw,947
0701,naklo,krk,nkl,krk_nkl,948
0701,wodzislaw,krk,wdzslw,krk_wdzslw,949
0701,zarki,krk,zrk,krk_zrk,950
0701,chrzanow,krk,chrznw,krk_chrznw,951
0701,janow,krk,jnw,krk_jnw,952
0701,oswiecim,krk,swcm,krk_swcm,953
0701,zator,krk,ztr,krk_ztr,954
0701,zmigrod,krk,zmgrd,krk_zmgrd,955
0701,zywiec,krk,zywc,krk_zywc,956
0702,bukowsko,raw,bukwsk,raw_bkwsk,957
0702,dzialoszyn,sier,dzlszyn,sier_dzlszyn,958
0702,kaminsk,sier,kmnsk,sier_kmnsk,959
0702,koniecpol,sier,kncpl,sier_kncpl,960
0702,nowotaniec,raw,nwtnc,raw_nwtnc,961
0702,rymanow,raw,rymnw,raw_rymnw,962
0702,sochaczew,raw,schczw,raw_schczw,963
0702,jacmierz,raw,jcmrz,raw_jcmrz,964
0702,praszka,maz,prszk,maz_prszk,965
0702,warsaw,raw,wrsw,raw_wrsw,966
0703,baranow,snd,brnw,snd_brnw,967
0703,bogoria,snd,bgr,snd_bgr,968
0703,checiny,snd,chcny,snd_chcny,969
0703,dabrow,snd,dbrw,snd_dbrw,970
0703,dzikow,snd,dzkw,snd_dzkw,971
0703,gielniow,snd,glnw,snd_glnw,972
0703,gowarczow,snd,gwrczw,snd_gwrczw,973
0703,iwaniska,snd,wnsk,snd_wnsk,974
0703,janikow,snd,jnkw,snd_jnkw,975
0703,klimontow,snd,klmntw,snd_klmntw,976
0703,kolbuszowa,snd,klbuszw,snd_klbszw,977
0703,konskie,snd,knsk,snd_knsk,978
0703,malopolski_staszow,snd,mlplsk_stszw,snd_mlplsk_stszw,979
0703,mielec,snd,mlc,snd_mlc,980
0703,olesnica,snd,lsnc,snd_lsnc,981
0703,opatow,snd,ptw,snd_ptw,982
0703,ostrowiec,snd,strwc,snd_strwc,983
0703,pacanow,snd,pcnw,snd_pcnw,984
0703,pierzchnica,snd,przchnc,snd_przchnc,985
0703,pinczow,snd,pnczw,snd_pnczw,986
0703,prysucha,snd,prysuch,snd_prysch,987
0703,przeclaw,snd,przclw,snd_przclw,988
0703,przedborz,snd,przdbrz,snd_przdbrz,989
0703,rakow,snd,rkw,snd_rkw,990
0703,rzochow,snd,rzchw,snd_rzchw,991
0703,sandomierz,snd,sndmrz,snd_sndmrz,992
0703,sienno,snd,snn,snd_snn,993
0703,sokolow,snd,sklw,snd_sklw,994
0703,stopnica,snd,stpnc,snd_stpnc,995
0703,szydlow,snd,szydlw,snd_szydlw,996
0703,tarnow,snd,trnw,snd_trnw,997
0703,tarlow,snd,trlw,snd_trlw,998
0703,wislica,snd,wslc,snd_wslc,999
0703,wloszczowa,snd,wlszczw,snd_wlszczw,1000
0703,zawichost,snd,zwchst,snd_zwchst,1001
0703,rudnik,snd,rudnk,snd_rdnk,1002
0703,zarnow,snd,zrnw,snd_zrnw,1003
0703,opoczno,snd,pczn,snd_pczn,1004
0703,chmielnik,snd,chmlnk,snd_chmlnk,1005
0703,drzewica,snd,drzwc,snd_drzwc,1006
0703,kurozweki,snd,kurzwk,snd_krzwk,1007
0703,ozarow,snd,zrw,snd_zrw,1008
0703,nowemiasto,snd,nwmst,snd_nwmst,1009
0703,polaniec,snd,plnc,snd_plnc,1010
0703,sobkow,snd,sbkw,snd_sbkw,1011
0703,secemin,snd,scmn,snd_scmn,1012
0703,zabno,snd,zbn,snd_zbn,1013
0801,baranow,lbl,brnw,lbl_brnw,1014
0801,biskupce,lbl,bskupc,lbl_bskpc,1015
0801,czemierniki,lbl,czmrnk,lbl_czmrnk,1016
0801,glusk,lbl,glusk,lbl_glsk,1017
0801,kazimierz,lbl,kzmrz,lbl_kzmrz,1018
0801,kurow,lbl,kurw,lbl_krw,1019
0801,krasnik,lbl,krsnk,lbl_krsnk,1020
0801,lubartow,lbl,lubrtw,lbl_lbrtw,1021
0801,mnichow,lbl,mnchw,lbl_mnchw,1022
0801,opole,lbl,pl,lbl_pl,1023
0801,ostrow_lubelski,lbl,strw_lublsk,lbl_strw_lblsk,1024
0801,piaski,lbl,psk,lbl_psk,1025
0801,rachow,lbl,rchw,lbl_rchw,1026
0801,radzyn,lbl,rdzyn,lbl_rdzyn,1027
0801,wodynie,lbl,wdyn,lbl_wdyn,1028
0801,wlostowice,lbl,wlstwc,lbl_wlstwc,1029
0801,zbuczyn,lbl,zbuczyn,lbl_zbczyn,1030
0801,bychawa,lbl,bychw,lbl_bychw,1031
0801,kock,lbl,kck,lbl_kck,1032
0801,cape_between_san,lbl,cp_btwn_sn,lbl_cp_btwn_sn,1033
0801,leczna,lbl,lczn,lbl_lczn,1034
0801,lukow,lbl,lukw,lbl_lkw,1035
0801,kamionka,lbl,kmnk,lbl_kmnk,1036
0801,belzyce,lbl,blzyc,lbl_blzyc,1037
0801,konskowola,lbl,knskwl,lbl_knskwl,1038
0801,grodek,lbl,grdk,lbl_grdk,1039
0801,janow,lbl,jnw,lbl_jnw,1040
0801,markuszow,lbl,mrkuszw,lbl_mrkszw,1041
0801,parczew,lbl,prczw,lbl_prczw,1042
0801,radomysl,lbl,rdmysl,lbl_rdmysl,1043
0801,seroczyn,lbl,srczyn,lbl_srczyn,1044
0801,siedlce,lbl,sdlc,lbl_sdlc,1045
0801,wawelnica,lbl,wwlnc,lbl_wwlnc,1046
0801,zaklikow,lbl,zklkw,lbl_zklkw,1047
0802,biala,raw,bl,raw_bl,1048
0802,drwalew,maz,drwlw,maz_drwlw,1049
0802,garwolin,maz,grwln,maz_grwln,1050
0802,grojec,maz,grjc,maz_grjc,1051
0802,glowno,raw,glwn,raw_glwn,1052
0802,goszczyn,maz,gszczyn,maz_gszczyn,1053
0802,kobylnica,maz,kbylnc,maz_kbylnc,1054
0802,kolbiel,maz,klbl,maz_klbl,1055
0802,latowicz,maz,ltwcz,maz_ltwcz,1056
0802,maciejowice,maz,mcjwc,maz_mcjwc,1057
0802,magnuszew,maz,mgnuszw,maz_mgnszw,1058
0802,minsk_mazowiecki,maz,mnsk_mzwck,maz_mnsk_mzwck,1059
0802,nowemiasto_on_pilica,raw,nwmst_n_plc,raw_nwmst_n_plc,1060
0802,osieck,maz,sck,maz_sck,1061
0802,ozarow_mazowiecki,maz,zrw_mzwck,maz_zrw_mzwck,1062
0802,piaseczno,maz,psczn,maz_psczn,1063
0802,przebyszew,maz,przbyszw,maz_przbyszw,1064
0802,rawa,raw,rw,raw_rw,1065
0802,roza,maz,rz,maz_rz,1066
0802,sobikow,maz,sbkw,maz_sbkw,1067
0802,stara_rawa,raw,str_rw,raw_str_rw,1068
0802,warka,maz,wrk,maz_wrk,1069
0802,warsaw,maz,wrsw,maz_wrsw,1070
0802,laskarzew,maz,lskrzw,maz_lskrzw,1071
0802,letow,maz,ltw,maz_ltw,1072
0802,parysow,maz,prysw,maz_prysw,1073
0802,latowicz,maz,ltwcz,maz_ltwcz,1074
0802,maciejowice,maz,mcjwc,maz_mcjwc,1075
0803,adamow,snd,dmw,snd_dmw,1076
0803,bialobrzegi,snd,blbrzg,snd_blbrzg,1077
0803,bobrowniki,snd,bbrwnk,snd_bbrwnk,1078
0803,ciepelow,snd,cplw,snd_cplw,1079
0803,granica,snd,grnc,snd_grnc,1080
0803,glowaczow,snd,glwczw,snd_glwczw,1081
0803,gniewoszow,snd,gnwszw,snd_gnwszw,1082
0803,janowiec,snd,jnwc,snd_jnwc,1083
0803,kazanow,snd,kznw,snd_kznw,1084
0803,klwow,snd,klww,snd_klww,1085
0803,korytnica,snd,krytnc,snd_krytnc,1086
0803,kozienice,snd,kznc,snd_kznc,1087
0803,lipsko,snd,lpsk,snd_lpsk,1088
0803,miastkow,snd,mstkw,snd_mstkw,1089
0803,przysucha,snd,przysuch,snd_przysch,1090
0803,przytuk,snd,przytuk,snd_przytk,1091
0803,radom,snd,rdm,snd_rdm,1092
0803,ryczywol,snd,ryczywl,snd_ryczywl,1093
0803,ryki,snd,ryk,snd_ryk,1094
0803,sienno,snd,snn,snd_snn,1095
0803,skaryszew,snd,skryszw,snd_skryszw,1096
0803,skrzynno,snd,skrzynn,snd_skrzynn,1097
0803,solec_on_vistula,snd,slc_n_vstul,snd_slc_n_vstl,1098
0803,stezyca,snd,stzyc,snd_stzyc,1099
0803,suchowola,snd,suchwl,snd_schwl,1100
0803,szydlowiec,snd,szydlwc,snd_szydlwc,1101
0803,ulenice,snd,ulnc,snd_lnc,1102
0803,wojcieszkow,snd,wjcszkw,snd_wjcszkw,1103
0803,zawichost,snd,zwchst,snd_zwchst,1104
0803,zwolen,snd,zwln,snd_zwln,1105
0803,lysobyki,snd,lysbyk,snd_lysbyk,1106
0803,jedlinsk,snd,jdlnsk,snd_jdlnsk,1107
0803,zelechow,snd,zlchw,snd_zlchw,1108
0803,odrzywol,snd,drzywl,snd_drzywl,1109
0900,bilgoray,lbl,blgry,lbl_blgry,1110
0900,frannopol,lbl,frnnpl,lbl_frnnpl,1111
0900,goray,lbl,gry,lbl_gry,1112
0900,krasnobrod,rus,krsnbrd,rus_krsnbrd,1113
0900,pilaszkowiec,lbl,plszkwc,lbl_plszkwc,1114
0900,rozwadow,snd,rzwdw,snd_rzwdw,1115
0900,tarnogrod,snd,trngrd,snd_trngrd,1116
0900,turobin,rus,turbn,rus_trbn,1117
0900,wysokie,lbl,wysk,lbl_wysk,1118
0900,zamosc,rus,zmsc,rus_zmsc,1119
0900,gorzkow,lbl,grzkw,lbl_grzkw,1120
0900,laszczow,blz,lszczw,blz_lszczw,1121
0900,ulanow,snd,ulnw,snd_lnw,1122
0900,ekonomia,snd,knm,snd_knm,1123
0900,modliborzyce,lbl,mdlbrzyc,lbl_mdlbrzyc,1124
0900,tomaszow,lbl,tmszw,lbl_tmszw,1125
0900,szczebreszyn,rus,szczbrszyn,rus_szczbrszyn,1126
0900,zolkiewka,rus,zlkwk,rus_zlkwk,1127
