Miasta i wsie,powiat,Kahal,Żydzi,Żydówki,page,powiat
Kazimierz,karakow,Kahal kazimierski przy Krakowie.,1648,1809,8,
Browar królewski,karakow,Kahal kazimierski przy Krakowie.,39,36,8,
Browar starościński,karakow,Kahal kazimierski przy Krakowie.,12,9,8,
Smoleńsko,karakow,Kahal kazimierski przy Krakowie.,12,12,8,
Wygoda,karakow,Kahal kazimierski przy Krakowie.,23,23,8,
Rzeplin,karakow,Kahal kazimierski przy Krakowie.,3,4,8,
Pleszow,karakow,Kahal kazimierski przy Krakowie.,2,4,8,
Kossocice,karakow,Kahal kazimierski przy Krakowie.,4,3,8,
Ochoyno,karakow,Kahal kazimierski przy Krakowie.,3,6,8,
Łusina,karakow,Kahal kazimierski przy Krakowie.,4,3,8,
Brzezie,karakow,Kahal kazimierski przy Krakowie.,10,4,8,
Zabawska karczma,karakow,Kahal kazimierski przy Krakowie.,12,12,8,
Catkowice (Czatkowice),karakow,Kahal kazimierski przy Krakowie.,6,5,8,
Cianowice,karakow,Kahal kazimierski przy Krakowie.,3,2,8,
Binczyce (Bieńczyce),karakow,Kahal kazimierski przy Krakowie.,6,4,8,
Kończyce,karakow,Kahal kazimierski przy Krakowie.,5,3,8,
Owczary,karakow,Kahal kazimierski przy Krakowie.,4,3,8,
Krzysztoforzyce,karakow,Kahal kazimierski przy Krakowie.,1,4,8,
Łuczanowice,karakow,Kahal kazimierski przy Krakowie.,5,4,8,
Kosmyszow,karakow,Kahal kazimierski przy Krakowie.,5,3,8,
Konary,karakow,Kahal kazimierski przy Krakowie.,5,2,8,
Piaski,karakow,Kahal kazimierski przy Krakowie.,5,1,8,
Prokocim,karakow,Kahal kazimierski przy Krakowie.,11,7,8,
Raysko,karakow,Kahal kazimierski przy Krakowie.,5,1,8,
Soboniowice (Sobniowice),karakow,Kahal kazimierski przy Krakowie.,4,3,8,
Gay,karakow,Kahal kazimierski przy Krakowie.,9,9,8,
Borek,karakow,Kahal kazimierski przy Krakowie.,3,2,8,
Zelczyna,karakow,Kahal kazimierski przy Krakowie.,3,3,8,
Zielonki,karakow,Kahal kazimierski przy Krakowie.,3,2,8,
Raciborsko,karakow,Kahal kazimierski przy Krakowie.,4,5,8,
Garlica,karakow,Kahal kazimierski przy Krakowie.,4,4,8,
Jurczyce,karakow,Kahal kazimierski przy Krakowie.,4,3,8,
Janowice,karakow,Kahal kazimierski przy Krakowie.,5,3,8,
Pawlikowice,karakow,Kahal kazimierski przy Krakowie.,4,3,8,
Suma: 34,karakow,Kahal kazimierski przy Krakowie.,1876,2001,8,
W tem dzieci do i roku,karakow,Kahal kazimierski przy Krakowie.,74,93,8,
Olkusz,karakow,Olkusz,78,84,8,
Trzebinia,karakow,Olkusz,28,31,8,
Krzykawka,karakow,Olkusz,4,5,8,
Bolesław,karakow,Olkusz,2,3,8,
Płoki,karakow,Olkusz,4,3,8,
Lgota,karakow,Olkusz,7,6,8,
Ostręznica,karakow,Olkusz,4,2,8,
Zawada,karakow,Olkusz,1,2,8,
Cubrowice (Czubrowice),karakow,Olkusz,3,2,8,
Racławice,karakow,Olkusz,2,3,8,
Żary,karakow,Olkusz,2,1,8,
Dubie,karakow,Olkusz,3,2,8,
Radwanowice,karakow,Olkusz,3,2,8,
Pisary,karakow,Olkusz,6,5,8,
Szklary,karakow,Olkusz,3,5,8,
Łazy,karakow,Olkusz,3,5,8,
Wierzbanowice (Jerzma-nowice),karakow,Olkusz,2,5,8,
Oycow,karakow,Olkusz,7,3,8,
Przeginia,karakow,Olkusz,2,1,8,
Czaiowice,karakow,Olkusz,2,4,8,
Wierzchowie,karakow,Olkusz,4,4,8,
Biały Kościoł,karakow,Olkusz,2,2,8,
Sułoszowa,karakow,Olkusz,6,6,8,
Niszołowice (Niesiułowice),karakow,Olkusz,4,2,8,
Golczowice,karakow,Olkusz,1,2,8,
Chichło (Chechło),karakow,Olkusz,3,6,8,
Grabowa,karakow,Olkusz,2,3,8,
Wodomia (Widoma),karakow,Olkusz,4,3,8,
Zagroda,karakow,Olkusz,3,4,9,
Przyza grodzie,karakow,Olkusz,2,5,9,
Łęka,karakow,Olkusz,2,2,9,
Przyłęka,karakow,Olkusz,1,2,9,
Niegowonice,karakow,Olkusz,5,3,9,
Suma: 33,karakow,Olkusz,205,218,9,
W tem dzieci do roku,karakow,Olkusz,15,12,9,
,karakow,Olkusz,,,9,
Chrzanów,karakow,Chrzanów,186,164,9,
W tem dzieci do roku,karakow,Chrzanów,9,14,9,
Będzin,karakow,Będzin,219,227,9,Kahal będziński.
Modrzeiow,karakow,Będzin,14,11,9,
Niwecka karczma,karakow,Będzin,4,5,9,
Zagorze,karakow,Będzin,4,6,9,
Długoszyn,karakow,Będzin,4,7,9,
Szczakowa,karakow,Będzin,9,17,9,
Cieszkowice (Ciężkowice),karakow,Będzin,14,8,9,
Suma: 7,karakow,Będzin,268,281,9,
W tem dzieci do roku,karakow,Będzin,17,17,9,
,,,,,9,Powiat proszowski ma Kahał 1.
Działoszyce,proszowski,dzialoszycki,249,260,9,.
Jakubowice,proszowski,dzialoszycki,4,3,9,
Januszowice,proszowski,dzialoszycki,3,2,9,
Sodoł,proszowski,dzialoszycki,3,6,9,
Michałowice,proszowski,dzialoszycki,3,3,9,
Ciuslice,proszowski,dzialoszycki,3,1,9,
Batycka karczma,proszowski,dzialoszycki,1,2,9,
Opatkowice,proszowski,dzialoszycki,5,2,9,
Bronocice,proszowski,dzialoszycki,5,4,9,
Podgaje,proszowski,dzialoszycki,5,4,9,
Drozeiowice,proszowski,dzialoszycki,4,3,9,
Sielce,proszowski,dzialoszycki,3,4,9,
Zakrzew z karczmą,proszowski,dzialoszycki,5,3,9,
Kuzki,proszowski,dzialoszycki,5,1,9,
Przybenice (Przybynice),proszowski,dzialoszycki,2,1,9,
Małoszow,proszowski,dzialoszycki,3,2,9,
Łaszow,proszowski,dzialoszycki,3,1,9,
Bołoska karczma,proszowski,dzialoszycki,3,1,9,
Niezwoio wice (Nieswojowice),proszowski,dzialoszycki,4,1,9,
Szposzow,proszowski,dzialoszycki,3,1,9,
Głubczow (Głupczów),proszowski,dzialoszycki,1,1,9,
Słupów,proszowski,dzialoszycki,2,4,9,
Burzkow (Buszków),proszowski,dzialoszycki,2,1,9,
Izykowice,proszowski,dzialoszycki,2,2,9,
Secygniow,proszowski,dzialoszycki,2,2,9,
Dziewięcice,proszowski,dzialoszycki,6,4,9,
Jastrzębniki z karczmą,proszowski,dzialoszycki,7,6,9,
Szyszczyce,proszowski,dzialoszycki,4,3,9,
Chmielów,proszowski,dzialoszycki,5,9,9,
Szczotkowice,proszowski,dzialoszycki,2,4,9,
Suma: 30,proszowski,dzialoszycki,347,346,9,
W tem dzieci do roku,proszowski,dzialoszycki,15,27,9,
,xięsk,,,,9,Powiat xięski ma Kahałów 3.
,xięsk,,,,9,Miasto Xiąz popisało się w
,xięsk,,,,9,województwie sendomirskim do miasta Pińczowa.
Żarnowiec,xięsk, żarno,152,169,9,
Jelcza,xięsk, żarno,5,2,9,
Trzczyca (Tczyca) z karczmą,xięsk, żarno,5,7,9,
Wierzbie,xięsk, żarno,4,3,9,
Szwoycany (Swojczany),xięsk, żarno,2,2,9,
Hlina (Chlina) z karczmą,xięsk, żarno,6,5,9,
Przełaia z karczmą,xięsk, żarno,4,4,9,
Małoszyce,xięsk, żarno,3,3,9,
Otola,xięsk, żarno,2,2,9,
Suma: 9,xięsk, żarno,183,197,9,
Wodzisław,xięsk,Wodzisław,476,524,9,
Nagłowice,xięsk,Wodzisław,5,6,9,
Piołonka (Piełonka),xięsk,Wodzisław,2,2,9,
Krzciencice (Krzcięcice),xięsk,Wodzisław,6,5,9,
Gniewienczyn (Gniewięcin),xięsk,Wodzisław,1,4,9,
Pawłowice,xięsk,Wodzisław,6,3,9,
Czekay,xięsk,Wodzisław,3,4,9,
Woyciechowice,xięsk,Wodzisław,3,4,9,
Boleszyce,xięsk,Wodzisław,4,2,9,
Łowinią,xięsk,Wodzisław,5,6,9,
Lubcza,xięsk,Wodzisław,6,6,9,
Wola lubecka,xięsk,Wodzisław,1,1,9,
Przyłęk,xięsk,Wodzisław,3,4,9,
Zielonki,xięsk,Wodzisław,2,1,9,
Mierzawa,xięsk,Wodzisław,4,2,9,
Jaronowice,xięsk,Wodzisław,2,1,9,
Potok,xięsk,Wodzisław,3,8,9,
Trzczeniec,xięsk,Wodzisław,4,5,9,
Przyłęka,xięsk,Wodzisław,3,2,9,
Rakoszyn,xięsk,Wodzisław,3,3,9,
Pękosław,xięsk,Wodzisław,2,3,9,
Kręzoły,xięsk,Wodzisław,2,4,9,
Wierzbica,xięsk,Wodzisław,2,2,9,
Hyca (Chycza),xięsk,Wodzisław,4,3,9,
Brzostki,xięsk,Wodzisław,2,6,9,
Rzeszowek,xięsk,Wodzisław,1,1,9,
Mstyczow,xięsk,Wodzisław,7,5,9,
Zareszyn,xięsk,Wodzisław,6,4,9,
Przezwody,xięsk,Wodzisław,2,3,9,
Wechadłow,xięsk,Wodzisław,2,2,9,
Konary,xięsk,Wodzisław,2,2,9,
Łąntpczyn (Łątczyn),xięsk,Wodzisław,4,3,9,
Warzyn,xięsk,Wodzisław,5,5,9,
Zdanowice,xięsk,Wodzisław,8,5,9,
Oksza,xięsk,Wodzisław,2,4,9,
Slinczyn (Slęcin),xięsk,Wodzisław,4,1,9,
Klimontów,xięsk,Wodzisław,3,7,9,
SІensк0,xięsk,Wodzisław,8,5,9,
Nowa wieś,xięsk,Wodzisław,1,2,9,
Sendziszow,xięsk,Wodzisław,1,1,9,
Kozłow,xięsk,Wodzisław,2,i,9,
Zarogow,xięsk,Wodzisław,3,2,9,
Brzuchania,xięsk,Wodzisław,2,2,9,
Czaple,xięsk,Wodzisław,2,6,9,
Grzegorzowice,xięsk,Wodzisław,11,9,9,
Goleszy,xięsk,Wodzisław,1,1,9,
Wysocice,xięsk,Wodzisław,1,2,9,
Luborzyca,xięsk,Wodzisław,5,2,9,
Ulinka mała,xięsk,Wodzisław,3,2,9,
Ulina wielka,xięsk,Wodzisław,2,1,9,
Chobendza (Chobędza),xięsk,Wodzisław,4,3,9,
Buk,xięsk,Wodzisław,5,4,9,
Czarkowka,xięsk,Wodzisław,2,1,9,
Jerzowka (Jeżówka),xięsk,Wodzisław,2,1,9,
Makowa,xięsk,Wodzisław,2,2,9,
Strzebinia,xięsk,Wodzisław,5,3,9,
Karsnica,xięsk,Wodzisław,2,1,9,
Witowice,xięsk,Wodzisław,4,3,9,
Wielkanoc,xięsk,Wodzisław,4,7,9,
Gołcza,xięsk,Wodzisław,6,5,9,
Biskupice,xięsk,Wodzisław,7,4,9,
Cisza,xięsk,Wodzisław,3,2,9,
Sławice,xięsk,Wodzisław,6,2,9,
Troposzow (Tropiszów),xięsk,Wodzisław,4,4,9,
Igołomia,xięsk,Wodzisław,8,6,9,
Sarbia,xięsk,Wodzisław,5,2,9,
Karwin,xięsk,Wodzisław,1,2,9,
Czulice,xięsk,Wodzisław,2,31,9,
Siedliska,xięsk,Wodzisław,1,,9,
Birkow,xięsk,Wodzisław,7,8,10,
Polikarcice,xięsk,Wodzisław,1,4,10,
Krzeszowice,xięsk,Wodzisław,6,4,10,
Waganowice,xięsk,Wodzisław,5,5,10,
Czechy,xięsk,Wodzisław,3,2,10,
Piotkowice (Piotrkowice),xięsk,Wodzisław,,,10,
wielkie,xięsk,Wodzisław,4,2,10,
Nebela (Niebyła),xięsk,Wodzisław,3,2,10,
Piotkowice małe,xięsk,Wodzisław,2,4,10,
Lei o wice,xięsk,Wodzisław,1,2,10,
Rzendowice (Rzędowice),xięsk,Wodzisław,2,1,10,
Gniazdowice,xięsk,Wodzisław,1,2,10,
Dalowice,xięsk,Wodzisław,7,2,10,
Opatkowice,xięsk,Wodzisław,2,3,10,
Proszowice,xięsk,Wodzisław,5,3,10,
Szczytniki,xięsk,Wodzisław,1,4,10,
Nadzow,xięsk,Wodzisław,3,6,10,
Sudołek,xięsk,Wodzisław,2,3,10,
Ibramowice,xięsk,Wodzisław,6,2,10,
Pieczonogi,xięsk,Wodzisław,4,5,10,
Gruszo w,xięsk,Wodzisław,4,5,10,
Radzienice,xięsk,Wodzisław,4,3,10,
Łętkowice (Łętkowice),xięsk,Wodzisław,2,1,10,
Obrazowice,xięsk,Wodzisław,2,3,10,
Janko wice,xięsk,Wodzisław,5,4,10,
Dziewięcioły,xięsk,Wodzisław,6,1,10,
Dziemierzyce,xięsk,Wodzisław,4,3,10,
Kalinowiska,xięsk,Wodzisław,2,3,10,
Kalina mała,xięsk,Wodzisław,3,1,10,
Słomniki,xięsk,Wodzisław,2,4,10,
Swięcice,xięsk,Wodzisław,4,2,10,
Janowice,xięsk,Wodzisław,5,2,10,
Siadów,xięsk,Wodzisław,3,3,10,
Wilkowice,xięsk,Wodzisław,5,3,10,
Pieczeniegi (Pieczonogi),xięsk,Wodzisław,2,5,10,
Dzwikały (Zbigały),xięsk,Wodzisław,5,3,10,
Rzemienice,xięsk,Wodzisław,3,4,10,
Dziaduszyce,xięsk,Wodzisław,3,3,10,
Janowiczki,xięsk,Wodzisław,2,1,10,
Klemięcice,xięsk,Wodzisław,3,3,10,
Suma: 108,xięsk,Wodzisław,849,866,10,
W tem dzieci do roku,xięsk,Wodzisław,43,34,10,
Wolbrom,xięsk,Wolbrom,154,160,10,Kahal wolbromski.
Poręba,xięsk,Wolbrom,3,3,10,
Lgota,xięsk,Wolbrom,1,3,10,
Suma: 3,xięsk,Wolbrom,158,166,10,
W tem dzieci do roku,xięsk,Wolbrom,9,12,10,
,lelow,,,,10,Powiat lelowski ma kahalów 6.
Lelów,lelow,lelow,109,122,10,Kahal lelowski.
Pradła,lelow,lelow,4,5,10,
Szeliszowice,lelow,lelow,2,3,10,
Biała,lelow,lelow,2,3,10,
Bodzeiowice (Bodziejowice),lelow,lelow,8,8,10,
Dąbrówno,lelow,lelow,5,3,10,
Slizany (Stężany),lelow,lelow,1,1,10,
Lgota błotna,lelow,lelow,2,1,10,
Staromieście,lelow,lelow,2,4,10,
Dzibica,lelow,lelow,1,1,10,
Drohlin,lelow,lelow,3,3,10,
Zagorze,lelow,lelow,2,2,10,
Biała,lelow,lelow,3,5,10,
Wilków,lelow,lelow,3,4,10,
Podgaie,lelow,lelow,1,1,10,
Jerządze,lelow,lelow,4,6,10,
Olszyny,lelow,lelow,4,2,10,
Sadowię,lelow,lelow,4,2,11,
Bystrzonowice,lelow,lelow,2,4,11,
Krumołow,lelow,lelow,50,55,11,
Blanowice,lelow,lelow,1,2,11,
Rudniki,lelow,lelow,4,3,11,
Rudniki item,lelow,lelow,1,2,11,
Nie rada,lelow,lelow,1,3,11,
Zawierzę,lelow,lelow,3,2,11,
Zawierki,lelow,lelow,3,2,11,
Zawierki item,lelow,lelow,2,2,11,
Wysoka,lelow,lelow,2,2,11,
Wiesiołki,lelow,lelow,3,2,11,
Głozowka,lelow,lelow,2,3,11,
Bzów,lelow,lelow,3,3,11,
Blanowice,lelow,lelow,3,1,11,
Rudnik,lelow,lelow,2,2,11,
Kroczyce arendarz,lelow,lelow,nie stanęli za,,11,
i karczmarz,lelow,lelow,klątwą,,11,
Wygiełzow arendarz,lelow,lelow,,,11,
Suma: 33,lelow,lelow,242,264,11,
W tern dzieci do roku,lelow,lelow,19,19,11,
Nakło z arendami,lelow,Kahał nakielski,49,52,11,Kahał nakielski
Janów,lelow,janow,146,139,11,Kahał janowski
Częstochowa,lelow,janow,18,17,11,
Wojtostwo tamże,lelow,janow,22,16,11,
Poczesna,lelow,janow,8,8,11,
Borowno,lelow,janow,7,5,11,
Nowa wieś,lelow,janow,1,3,11,
Osiny,lelow,janow,2,2,11,
Własna,lelow,janow,2,2,11,
Starcza,lelow,janow,2,2,11,
Jamki,lelow,janow,3,4,11,
Dzbiow (Dzbów),lelow,janow,6,6,11,
Łaziec,lelow,janow,1,1,11,
Wrzosowa,lelow,janow,1,1,11,
Błeszno,lelow,janow,10,4,11,
Bugay,lelow,janow,1,3,11,
Szendzow (Sędów),lelow,janow,3,1,11,
Brzeziny,lelow,janow,4,9,11,
Łyszec (Łysieć),lelow,janow,1,2,11,
Rększowice (Reksowicp),lelow,janow,1,1,11,
Kuźnica Maryanowa,lelow,janow,2,1,11,
Ostatni grosz,lelow,janow,1,2,11,
Kamień,lelow,janow,4,3,11,
Wyczyrpy (Wyczerpy),lelow,janow,9,3,11,
Rędziny,lelow,janow,10,7,11,
W tern dzieci do roku,lelow,janow,3,1,11,
Rząsany,lelow,janow,11,8,11,
Kościelec,lelow,janow,2,4,11,
Mykanów,lelow,janow,9,8,11,
Radostkow,lelow,janow,2,2,11,
Lubenka (Luboienka),lelow,janow,5,8,11,
Lubsyna,lelow,janow,5,4,11,
Wierzchowisko,lelow,janow,2,2,11,
Wolka,lelow,janow,1,2,11,
Kuzniczka,lelow,janow,3,3,11,
Piersnia (Pierszchno),lelow,janow,5,3,11,
Libidza,lelow,janow,3,4,11,
Kiedrzyn,lelow,janow,3,1,11,
Siedlce,lelow,janow,2,6,11,
Małusze,lelow,janow,2,2,11,
Kobylczyce,lelow,janow,3,2,11,
Mokrzesz (Mokrosz),lelow,janow,3,1,11,
Żurawie,lelow,janow,6,5,11,
Zagorze,lelow,janow,1,1,11,
Bukowno,lelow,janow,2,1,11,
Skowronow,lelow,janow,1,1,11,
Zalesie,lelow,janow,3,2,11,
Suma: 45,lelow,janow,33,314,11,
W tem dzieci do roku,lelow,janow,10,20,11,
,lelow,,,,11,
,lelow,Pilca,,,11,"IV. Kahał pilecki,"
Pilca (Pilica),lelow,Pilca,240,266,11,
Udorzcz karczma (Uderz),lelow,Pilca,6,5,12,
Kleszczowa,lelow,Pilca,3,3,12,
Siudecz (Siadcza),lelow,Pilca,7,3,12,
Solec,lelow,Pilca,3,1,12,
Szyk (Szyce),lelow,Pilca,5,4,12,
Sderbow,lelow,Pilca,3,1,12,
Siamoszka (Siamoszyce?),lelow,Pilca,3,4,12,
Przełubia,lelow,Pilca,4,3,12,
Skarżycki karczmarz,lelow,Pilca,3,4,12,
Kiełkowicki karczmarz,lelow,Pilca,1,1,12,
Karlin,lelow,Pilca,3,3,12,
Podzamecki karczmarz,lelow,Pilca,2,3,12,
Ogrodzieniec karczmarz,lelow,Pilca,2,3,12,
Ciengowice,lelow,Pilca,6,4,12,
Rokitno,lelow,Pilca,4,3,12,
Kwasniow z karczmą,lelow,Pilca,10,4,12,
Bydlin z karczmą,lelow,Pilca,7,4,12,
Strzegoski karczmarz,lelow,Pilca,3,2,12,
Kąpiele,lelow,Pilca,2,1,12,
Cieslin,lelow,Pilca,5,2,12,
Rodaki,lelow,Pilca,2,3,12,
Suma: 22,lelow,Pilca,324,327,12,
W tem dzieci do roku,lelow,Pilca,23,22,12,
Kahal szczekocinski.,lelow,Szczekociny,212,218,12,szczekocinski
Jeziorowice,lelow,Szczekociny,4,6,12,
Tęgoborz,lelow,Szczekociny,3,4,12,
Obichow (Obiechów),lelow,Szczekociny,5,3,12,
Raszków,lelow,Szczekociny,3,1,12,
Siedliska,lelow,Szczekociny,3,2,12,
Grabice,lelow,Szczekociny,3,7,12,
Moskarzow,lelow,Szczekociny,5,3,12,
Lubachowy,lelow,Szczekociny,4,2,12,
Ołudza,lelow,Szczekociny,4,3,12,
Zawada,lelow,Szczekociny,4,5,12,
Dąbrowka,lelow,Szczekociny,3,2,12,
Druzykowa,lelow,Szczekociny,3,2,12,
Wola,lelow,Szczekociny,3,3,12,
Goleniowy,lelow,Szczekociny,7,3,12,
Dąbrowice,lelow,Szczekociny,3,1,12,
Sprowa,lelow,Szczekociny,2,2,12,
Węgrzynów,lelow,Szczekociny,2,4,12,
Zawadka,lelow,Szczekociny,3,4,12,
Suma: 19,lelow,Szczekociny,276,275,12,
W tem dzieci do roku,lelow,Szczekociny,18,13,12,
Żarki,lelow,Żarki,398,416,12,
Mrzygło d,lelow,Żarki,28,24,12,
Poręba,lelow,Żarki,1,4,12,
Marciszów,lelow,Żarki,2,2,12,
Ciszowka,lelow,Żarki,2,1,12,
Przybynow,lelow,Żarki,1,4,12,
Biskupice,lelow,Żarki,1,2,12,
Olsztyn,lelow,Żarki,13,14,12,
Włodowice,lelow,Żarki,7,4,12,
Niegow,lelow,Żarki,3,4,12,
Mirów,lelow,Żarki,1,3,12,
Jaworznik,lelow,Żarki,6,2,12,
Bobolice,lelow,Żarki,1,3,12,
Skrzydlow,lelow,Żarki,2,3,12,
Suma: 14,lelow,Żarki,466,486,12,
W tem dzieci do roku,lelow,Żarki,37,22,12,
,lelow,Żarki,,,12,Xięstwo Zatorskie ma kahal 1.
Zator,lelow,Zator,50,47,12,Kahal zatorski.
W tem dzieci do roku,lelow,Zator,5,,13,
,lelow,,,,13,
Oświęcim,lelow,Oświęcim,68,65,13,Xięstwo oświęcimskie ma Kahał i. Kahał oświęcimski.
Skidzin,lelow,Oświęcim,4,5,13,
Willamowice,lelow,Oświęcim,2,5,13,
Hecnarowie (Helcznarowice),lelow,Oświęcim,3,2,13,
Brzeszcze (Brzeście),lelow,Oświęcim,2,7,13,
Jawiszowice,lelow,Oświęcim,25,26,13,
Kaniów,lelow,Oświęcim,7,5,13,
Dankowice,lelow,Oświęcim,5,4,13,
Komoro wice,lelow,Oświęcim,22,16,13,
Bestfina (Bestwina),lelow,Oświęcim,11,8,13,
Stara wieś,lelow,Oświęcim,8,4,13,
Kozy,lelow,Oświęcim,2,1,13,
Nowa wieś,lelow,Oświęcim,2,6,13,
Bulowice,lelow,Oświęcim,12,12,13,
Nidek,lelow,Oświęcim,11,6,13,
Gierałtowice,lelow,Oświęcim,1,5,13,
Witko wice,lelow,Oświęcim,6,3,13,
Włodygowice,lelow,Oświęcim,3,3,13,
Łazy,lelow,Oświęcim,2,2,13,
Brzezinki,lelow,Oświęcim,2,3,13,
Harmęzy,lelow,Oświęcim,3,2,13,
Na Kamieniu pod Oswięcimem,lelow,Oświęcim,4,3,13,
Dwory,lelow,Oświęcim,15,15,13,
Moniowice (Monowice),lelow,Oświęcim,3,2,13,
Spytkowice,lelow,Oświęcim,8,3,13,
Tłuczania (Tłuczań),lelow,Oświęcim,5,5,13,
Brzeźnica,lelow,Oświęcim,3,3,13,
Poręba,lelow,Oświęcim,10,8,13,
Latanice,lelow,Oświęcim,3,3,13,
Kobyłowka (Kopytowka),lelow,Oświęcim,3,5,13,
Przytko wice,lelow,Oświęcim,4,4,13,
Wysoka,lelow,Oświęcim,9,2,13,
Lgota,lelow,Oświęcim,6,4,13,
Babica (Babice),lelow,Oświęcim,2,5,13,
Rokow,lelow,Oświęcim,2,3,13,
Klecza,lelow,Oświęcim,2,3,13,
Stanisławie,lelow,Oświęcim,5,7,13,
Barwałt,lelow,Oświęcim,5,3,13,
Sosnowice,lelow,Oświęcim,1,6,13,
Willamowice,lelow,Oświęcim,1,1,13,
Polanka,lelow,Oświęcim,2,3,13,
Radecza (Radocza),lelow,Oświęcim,1,5,13,
Lencze,lelow,Oświęcim,1,1,13,
Zażyczę (Zarzyce),lelow,Oświęcim,2,2,13,
Bielany,lelow,Oświęcim,5,4,13,
Lęki,lelow,Oświęcim,6,4,13,
Biała w starostwie lipnickim,lelow,Oświęcim,108,104,13,
Suma: 47,lelow,Oświęcim,417,398,13,
W tem dzieci do roku,lelow,Oświęcim,21,20,13,
,lelow,,,,15,
"Grybów gospodarzy 15, głów",lelow,,155,,15,
Przychodni z Węgier,lelow,,2,,15,
Suma:,lelow,,157,,15,
Młynów sandeckich ar.1),lelow,,3,,15,
"Męcina nizna, w b.",lelow,,6,,15,
"Kloskowice (Kłuszkowice), w b.",lelow,,6,,15,
"Przyszowa wyzna, w b.",lelow,,8,,15,
"Olszana, w b.",lelow,,9,,15,
"Stronie, w b.",lelow,,9,,15,
"Czarny Potok, w b.",lelow,,8,,15,
Jakobkowice,lelow,,8,,15,
"Podkrasne, w b.",lelow,,6,,15,
"Komionka, w b.",lelow,,8,,15,
"Siekierczyna górna, w b.",lelow,,7,,15,
"Siekierczyna nizna, w b.",lelow,,6,,15,
"Siekierczyna, w b.",lelow,,5,,15,
"Zbęk, w b.",lelow,,5,,15,
"Zabełcze, w b.",lelow,,9,,15,
"Polna, w b.",lelow,,3,,15,
Struże (Stróże),lelow,,4,,15,
Struże (Stróże) w k.,lelow,,2,,15,
"Jada wola (Jadam wola), na z.",lelow,,4,,15,
Jadawola w ch.,lelow,,6,,15,
"Jadawola, kom.",lelow,,3,,15,
"Jadawola nizna, w b.",lelow,,5,,15,
Berdychow w b.,lelow,,6,,15,
"Świdnik, w b.",lelow,,9,,15,
"Mszalnica, w b.",lelow,,6,,15,
"Czorstyn (Czorsztyn), w b. i 2 k.",lelow,,21,,15,
"Tylmanowa, w k.",lelow,,3,,15,
Tylmanowa w b.,lelow,,9,,15,
"Męcina górna, w b.",lelow,,6,,15,
"Szczawnica, w b.",lelow,,4,,15,
"Ropa, w 3 k.",lelow,,22,,15,
"Nawoiowa, w b. i 2 k.",lelow,,14,,15,
"Chomranice, w b.",lelow,,6,,15,
"Barcice (Barczyce), w k.",lelow,,9,,15,
"Kokoszka, w b.",lelow,,3,,15,
"Sienna, w b.",lelow,,5,,15,
"Bugay, w k.",lelow,,5,,15,
"Wielopole, w b.",lelow,,6,,15,
Rytro,lelow,,7,,15,
"Marcinkowice, w b.",lelow,,6,,15,
"Krościenko, w b. i k.",lelow,,8,,15,
"Lipica, w k.",lelow,,4,,15,
"Niecew, w b. i k.",lelow,,10,,15,
Jasienna,lelow,,6,,15,
Jasienna w b.,lelow,,7,,15,
"Lipnica, w k.",lelow,,6,,15,
"Brzana, w b.",lelow,,8,,15,
"Brzana, w b.",lelow,,5,,15,
"Janczowa, w b.",lelow,,6,,15,
Łabowa (miasteczko),lelow,,6,,15,
Łabowa kom.,lelow,,3,,15,
"Maciejowa, w k.",lelow,,4,,15,
"Ochotnica, w b.",lelow,,12,,15,
"Zdonia, w b.",lelow,,9,,15,
"Biesnik, w b.",lelow,,7,,15,
"Pałecznica, w b.",lelow,,5,,15,
"Olszowa, w b.",lelow,,5,,15,
"Nowa wieś, w k.",lelow,,4,,15,
Rostoka,lelow,,3,,15,
"Kąsna, kom.",lelow,,5,,15,
"Kąsna,  w k.",lelow,,12,,15,
"Stara wieś, w b.",lelow,,3,,15,
"Wrono wice, w b.",lelow,,5,,15,
"Wysokie, w b.",lelow,,4,,15,
"Witowice, w 2 b.",lelow,,9,,15,
"Krozlowa (Kruźlowa), w b.",lelow,,4,,15,
"Rocmirowa (Rozmierowa), w b.",lelow,,4,,15,
Michalczowa,lelow,,4,,15,
Michalczowa w b.,lelow,,3,,15,
Michalczowa kom.,lelow,,3,,15,
"Trzecierz, w b.",lelow,,4,,15,
"Brzeziny, w b.",lelow,,4,,15,
"Zawada, w b.",lelow,,7,,15,
"Poręba, w k.",lelow,,3,,15,
Ostrusie (Ostruża),lelow,,5,,16,
"Pisarzowa, w b.",lelow,,7,,16,
"Staszkowka, w b.",lelow,,7,,16,
Ptaszkowa,lelow,,15,,16,
"Siedliska, w k.",lelow,,6,,16,
Osików,lelow,,4,,16,
Mystkow,lelow,,4,,16,
Białowoda,lelow,,5,,16,
"Biesna, w k.",lelow,,4,,16,
"Korzenna, w b.",lelow,,8,,16,
"Zawadka, w b.",lelow,,4,,16,
Cieniawa,lelow,,3,,16,
"Będzieszyna, w b.",lelow,,3,,16,
"Moczarka, w b.",lelow,,,,16,
Zawrót,lelow,,5,,16,
"Barcice, kom.",lelow,,8,,16,
Załubincze,lelow,,5,,16,
Koniuszowa,lelow,,5,,16,
"Szalowa, w b. i k.",lelow,,8,,16,
Łyczana,lelow,,7,,16,
"Jeżowa, w b. І k.",lelow,,9,,16,
"Krasne, szynkarz",lelow,,4,,16,
"Łosie, k.",lelow,,7,,16,
In summa głów w kah. sand.,lelow,,1368,,16,
,Czchów  and Szczyrzyc,,,,16,Powiat czchowski i szczyrzycki.
Wiśnicz gospodarzy 78: głów,Czchów  and Szczyrzyc,wiśnickim,979,,16,Kahal wisnicki.
Brzesko gospodarzy 12,Czchów  and Szczyrzyc,wiśnickim,175,,16,Parafia kahalu wisnickiego.
i w browarze,Czchów  and Szczyrzyc,wiśnickim,6,,16,
Suma:,Czchów  and Szczyrzyc,wiśnickim,181,,16,
Czchów,Czchów  and Szczyrzyc,wiśnickim,7,,16,
Limanowa,Czchów  and Szczyrzyc,wiśnickim,21,,16,
Niepołomice,Czchów  and Szczyrzyc,wiśnickim,29,,16,
Kai wary a,Czchów  and Szczyrzyc,wiśnickim,19,,16,
Nowy Targ,Czchów  and Szczyrzyc,wiśnickim,9,,16,
Lipnica,Czchów  and Szczyrzyc,wiśnickim,17,,16,
Szczypanow,Czchów  and Szczyrzyc,wiśnickim,8,,16,
Mokrzecka (Mokszyska),Czchów  and Szczyrzyc,wiśnickim,16,,16,
Buczę,Czchów  and Szczyrzyc,wiśnickim,9,,16,
Poręba,Czchów  and Szczyrzyc,wiśnickim,25,,16,
Ląkta górna,Czchów  and Szczyrzyc,wiśnickim,8,,16,
Bytomska,Czchów  and Szczyrzyc,wiśnickim,8,,16,
Rzegocina,Czchów  and Szczyrzyc,wiśnickim,6,,16,
Łąkta dolna,Czchów  and Szczyrzyc,wiśnickim,6,,16,
Dołuszyce,Czchów  and Szczyrzyc,wiśnickim,9,,16,
Buczyna,Czchów  and Szczyrzyc,wiśnickim,7,,16,
Grabie,Czchów  and Szczyrzyc,wiśnickim,7,,16,
Gierczyce,Czchów  and Szczyrzyc,wiśnickim,4,,16,
Borowna,Czchów  and Szczyrzyc,wiśnickim,4,,16,
Zagórzany,Czchów  and Szczyrzyc,wiśnickim,5,,16,
Kobyle,Czchów  and Szczyrzyc,wiśnickim,4,,16,
Minkuszowice (Mikłuszowice),Czchów  and Szczyrzyc,wiśnickim,34,,16,
Dziewin,Czchów  and Szczyrzyc,wiśnickim,4,,16,
Drwięnia (Drwinia),Czchów  and Szczyrzyc,wiśnickim,3,,16,
Brzezie,Czchów  and Szczyrzyc,wiśnickim,12,,16,
Czarny Dunajec,Czchów  and Szczyrzyc,wiśnickim,9,,16,
Kokotow,Czchów  and Szczyrzyc,wiśnickim,6,,16,
Koszary,Czchów  and Szczyrzyc,wiśnickim,5,,16,
Wyzyce,Czchów  and Szczyrzyc,wiśnickim,11,,16,
Wola górna,Czchów  and Szczyrzyc,wiśnickim,6,,16,
Grotkowice,Czchów  and Szczyrzyc,wiśnickim,12,,17,
Łososina,Czchów  and Szczyrzyc,wiśnickim,9,,17,
Młynna,Czchów  and Szczyrzyc,wiśnickim,6,,17,
Okocim,Czchów  and Szczyrzyc,wiśnickim,13,,17,
Sokołow,Czchów  and Szczyrzyc,wiśnickim,11,,17,
Sieracka (Sieradzka),Czchów  and Szczyrzyc,wiśnickim,4,,17,
Krolowka,Czchów  and Szczyrzyc,wiśnickim,23,,17,
Raybrot,Czchów  and Szczyrzyc,wiśnickim,3,,17,
Dębno,Czchów  and Szczyrzyc,wiśnickim,12,,17,
Zbigniow (Zbydniów),Czchów  and Szczyrzyc,wiśnickim,8,,17,
Damienica (Damianice),Czchów  and Szczyrzyc,wiśnickim,4,,17,
Sawa,Czchów  and Szczyrzyc,wiśnickim,12,,17,
Rozdzielę,Czchów  and Szczyrzyc,wiśnickim,13,,17,
Leszczyna,Czchów  and Szczyrzyc,wiśnickim,8,,17,
Kierlikowka,Czchów  and Szczyrzyc,wiśnickim,6,,17,
Pierzchowce (Pierzchowice),Czchów  and Szczyrzyc,wiśnickim,8,,17,
Jasień,Czchów  and Szczyrzyc,wiśnickim,7,,17,
Jodłowka,Czchów  and Szczyrzyc,wiśnickim,3,,17,
Chranow (Chronow),Czchów  and Szczyrzyc,wiśnickim,19,,17,
Łapczyca (Łapczyce),Czchów  and Szczyrzyc,wiśnickim,2,,17,
Xiąznice,Czchów  and Szczyrzyc,wiśnickim,2,,17,
Krakoszowice,Czchów  and Szczyrzyc,wiśnickim,5,,17,
Niegowiec (Nicgowice),Czchów  and Szczyrzyc,wiśnickim,2I,,17,
Zrzęcica (Zręczyce),Czchów  and Szczyrzyc,wiśnickim,3,,17,
Gosprzydowa,Czchów  and Szczyrzyc,wiśnickim,14,,17,
Podkamien,Czchów  and Szczyrzyc,wiśnickim,10,,17,
Targowisko,Czchów  and Szczyrzyc,wiśnickim,3,,17,
Łęczkowice,Czchów  and Szczyrzyc,wiśnickim,6,,17,
Stanislawice (Stanislawce),Czchów  and Szczyrzyc,wiśnickim,3,,17,
Cichowice,Czchów  and Szczyrzyc,wiśnickim,2,,17,
Łapanów,Czchów  and Szczyrzyc,wiśnickim,5,,17,
Zyrosławice,Czchów  and Szczyrzyc,wiśnickim,8,,17,
Kępanow,Czchów  and Szczyrzyc,wiśnickim,5,,17,
Kobylec,Czchów  and Szczyrzyc,wiśnickim,10,,17,
Kobylec,Czchów  and Szczyrzyc,wiśnickim,4,,17,
Mszana,Czchów  and Szczyrzyc,wiśnickim,17,,17,
Kasinka,Czchów  and Szczyrzyc,wiśnickim,6,,17,
Niedary,Czchów  and Szczyrzyc,wiśnickim,7,,17,
Zalesie,Czchów  and Szczyrzyc,wiśnickim,4,,17,
Woiakowa,Czchów  and Szczyrzyc,wiśnickim,13,,17,
Bałaszowka,Czchów  and Szczyrzyc,wiśnickim,2,,17,
Rybie,Czchów  and Szczyrzyc,wiśnickim,5,,17,
Hans to w,Czchów  and Szczyrzyc,wiśnickim,7,,17,
Węglowka,Czchów  and Szczyrzyc,wiśnickim,8,,17,
Kobylnik,Czchów  and Szczyrzyc,wiśnickim,5,,17,
Iwkowa (Jurków),Czchów  and Szczyrzyc,wiśnickim,11,,17,
Jurków,Czchów  and Szczyrzyc,wiśnickim,10,,17,
Kąty,Czchów  and Szczyrzyc,wiśnickim,4,,17,
Burdak,Czchów  and Szczyrzyc,wiśnickim,7,,17,
Cichawa,Czchów  and Szczyrzyc,wiśnickim,8,,17,
Struze (Stróże),Czchów  and Szczyrzyc,wiśnickim,5,,17,
Gruszow,Czchów  and Szczyrzyc,wiśnickim,21,,17,
Tymowa,Czchów  and Szczyrzyc,wiśnickim,10,,17,
Bukownik,Czchów  and Szczyrzyc,wiśnickim,8,,17,
Komorniki,Czchów  and Szczyrzyc,wiśnickim,6,,17,
Głuchów,Czchów  and Szczyrzyc,wiśnickim,6,,17,
Kwapniki,Czchów  and Szczyrzyc,wiśnickim,6,,17,
Tymbark,Czchów  and Szczyrzyc,wiśnickim,23,,17,
Lewniowa,Czchów  and Szczyrzyc,wiśnickim,2,,17,
Zawada,Czchów  and Szczyrzyc,wiśnickim,8,,17,
Japczyce,Czchów  and Szczyrzyc,wiśnickim,5,,17,
Przybórów,Czchów  and Szczyrzyc,wiśnickim,5,,17,
Wola,Czchów  and Szczyrzyc,wiśnickim,10,,17,
Stojowice,Czchów  and Szczyrzyc,wiśnickim,4,,17,
Gorzkow,Czchów  and Szczyrzyc,wiśnickim,6,,17,
Makicnice,Czchów  and Szczyrzyc,wiśnickim,6,,17,
Jadowniki,Czchów  and Szczyrzyc,wiśnickim,9,,17,
Sterkowiec,Czchów  and Szczyrzyc,wiśnickim,8,,17,
Grądy,Czchów  and Szczyrzyc,wiśnickim,7,,17,
Sowliny,Czchów  and Szczyrzyc,wiśnickim,4,,17,
Mordarka,Czchów  and Szczyrzyc,wiśnickim,4,,17,
Kłay,Czchów  and Szczyrzyc,wiśnickim,b,,17,
Domosławice,Czchów  and Szczyrzyc,wiśnickim,17,,17,
Haszczowice,Czchów  and Szczyrzyc,wiśnickim,6,,17,
Łukawka,Czchów  and Szczyrzyc,wiśnickim,4,,17,
Harzowice (Charzewice),Czchów  and Szczyrzyc,wiśnickim,4,,17,
Gwozciec (Gwoździec),Czchów  and Szczyrzyc,wiśnickim,5,,17,
Sułów,Czchów  and Szczyrzyc,wiśnickim,8,,17,
Łopuszna,Czchów  and Szczyrzyc,wiśnickim,6,,17,
Raba wyzsza,Czchów  and Szczyrzyc,wiśnickim,8,,17,
Harklowa,Czchów  and Szczyrzyc,wiśnickim,6,,17,
Dobrociesz,Czchów  and Szczyrzyc,wiśnickim,5,,17,
Dobra,Czchów  and Szczyrzyc,wiśnickim,24,,17,
Stopnice,Czchów  and Szczyrzyc,wiśnickim,25,,17,
Mierzeń (Mierzyn),Czchów  and Szczyrzyc,wiśnickim,4,,18,
Gnoynik,Czchów  and Szczyrzyc,wiśnickim,23,,18,
Bratuszyce (Bratuczyce),Czchów  and Szczyrzyc,wiśnickim,4,,18,
Horzejowice,Czchów  and Szczyrzyc,wiśnickim,3,,18,
Uiazd,Czchów  and Szczyrzyc,wiśnickim,4,,18,
Dobroczyce,Czchów  and Szczyrzyc,wiśnickim,5,,18,
Pogwizdów,Czchów  and Szczyrzyc,wiśnickim,5,,18,
Miętniow,Czchów  and Szczyrzyc,wiśnickim,2,,18,
Rzezawa,Czchów  and Szczyrzyc,wiśnickim,10,,18,
Wiatowice większe,Czchów  and Szczyrzyc,wiśnickim,6,,18,
Niezawa,Czchów  and Szczyrzyc,wiśnickim,3,,18,
Zbarczyce (Zborczyca),Czchów  and Szczyrzyc,wiśnickim,3,,18,
Strzelce wielkie,Czchów  and Szczyrzyc,wiśnickim,5,,18,
Okulice,Czchów  and Szczyrzyc,wiśnickim,7,,18,
Podwilk (Podwal),Czchów  and Szczyrzyc,wiśnickim,5,,18,
Sułków,Czchów  and Szczyrzyc,wiśnickim,3,,18,
Łąki zabawskie,Czchów  and Szczyrzyc,wiśnickim,10,,18,
Tomasz ko wice,Czchów  and Szczyrzyc,wiśnickim,4,,18,
Rawki,Czchów  and Szczyrzyc,wiśnickim,5,,18,
Nieprzesna,Czchów  and Szczyrzyc,wiśnickim,4,,18,
Cichawka,Czchów  and Szczyrzyc,wiśnickim,14,,18,
Biskupice,Czchów  and Szczyrzyc,wiśnickim,5,,18,
Porąbka,Czchów  and Szczyrzyc,wiśnickim,4,,18,
Strzemeszna (Trzemeśna),Czchów  and Szczyrzyc,wiśnickim,7,,18,
Łyczanka,Czchów  and Szczyrzyc,wiśnickim,5,,18,
Osieczany,Czchów  and Szczyrzyc,wiśnickim,6,,18,
Sucha Raba,Czchów  and Szczyrzyc,wiśnickim,7,,18,
Mieszkowice (Niszkowice),Czchów  and Szczyrzyc,wiśnickim,4,,18,
Nieszkowice,Czchów  and Szczyrzyc,wiśnickim,4,,18,
Sławkowice,Czchów  and Szczyrzyc,wiśnickim,3,,18,
Moczarka,Czchów  and Szczyrzyc,wiśnickim,2,,18,
Zatoki (Zatoka),Czchów  and Szczyrzyc,wiśnickim,7,,18,
Rzępia,Czchów  and Szczyrzyc,wiśnickim,3,,18,
Trzciana,Czchów  and Szczyrzyc,wiśnickim,1,,18,
Chochołow,Czchów  and Szczyrzyc,wiśnickim,5,,18,
Klikuszowice,Czchów  and Szczyrzyc,wiśnickim,9,,18,
Zona wygnanego z miasta Szap-,Czchów  and Szczyrzyc,wiśnickim,,,18,
siowa z dwojgiem dzieci,Czchów  and Szczyrzyc,wiśnickim,3,,18,
Przybytni z parafii krakowskiej,Czchów  and Szczyrzyc,wiśnickim,8,,18,
Delata Zydow z tej parafii nie,Czchów  and Szczyrzyc,wiśnickim,,,18,
stawionych się do popisu z in-,Czchów  and Szczyrzyc,wiśnickim,,,18,
"nymi, których głowy dla nie-",Czchów  and Szczyrzyc,wiśnickim,,,18,
wiaclomości liczby nie są inse-,Czchów  and Szczyrzyc,wiśnickim,,,18,
rowane w komput wyżej wy-,Czchów  and Szczyrzyc,wiśnickim,,,18,
"rażonych: Żywiec, pisarz;",Czchów  and Szczyrzyc,wiśnickim,,,18,
"Sułów, arendarz; Przydkowi-",Czchów  and Szczyrzyc,wiśnickim,,,18,
"ce, arendarz, który miał się pi-",Czchów  and Szczyrzyc,wiśnickim,,,18,
sać w Oświęcimie; Ostrzowsk,Czchów  and Szczyrzyc,wiśnickim,,,18,
(Ostrzowsko) karczmarz; Be-,Czchów  and Szczyrzyc,wiśnickim,,,18,
"nedzym, arendarz; Nawsie,",Czchów  and Szczyrzyc,wiśnickim,,,18,
"arendarz; Raciborsk, aren-",Czchów  and Szczyrzyc,wiśnickim,,,18,
"darz, który miał się pisać",Czchów  and Szczyrzyc,wiśnickim,,,18,
"w Krakowie; Cerekiew, aren-",Czchów  and Szczyrzyc,wiśnickim,,,18,
darz,Czchów  and Szczyrzyc,wiśnickim,,,18,
In summa w kah. wiśnickim,Czchów  and Szczyrzyc,wiśnickim,2385,,18,
,,,,,18,
"Żmigród gospodarzy 67,",Biecz,Żmigród,683,,18,Kahał żmigrodzki.
"Gorlice gospodarzy 33,",Biecz,Żmigród,164,,18,Parafią kahalu żmigrodzkiego.
Biecz,Biecz,Żmigród,31,,18,
Dębowiec,Biecz,Żmigród,23,,18,
Wapienna,Biecz,Żmigród,4,,18,
Pąspna,Biecz,Żmigród,6,,18,
Ropica,Biecz,Żmigród,13,,18,
Malistyf (Małastów),Biecz,Żmigród,9,,18,
Sękowa,Biecz,Żmigród,11,,18,
Szary,Biecz,Żmigród,11,,18,
Wołowiec,Biecz,Żmigród,6,,18,
Długie,Biecz,Żmigród,6,,18,
Żarnowce,Biecz,Żmigród,6,,18,
Chlebna,Biecz,Żmigród,10,,18,
Jedlicze,Biecz,Żmigród,42,,19,
Łąki,Biecz,Żmigród,4,,19,
Toki,Biecz,Żmigród,6,,19,
Gorzyce,Biecz,Żmigród,4,,19,
Jaworze,Biecz,Żmigród,3,,19,
Lubienko,Biecz,Żmigród,8,,19,
Faysłówka,Biecz,Żmigród,7,,19,
Wolica,Biecz,Żmigród,6,,19,
Lipnica,Biecz,Żmigród,7,,19,
Łapiguz,Biecz,Żmigród,2,,19,
Łysogóra,Biecz,Żmigród,4,,19,
Zeglce (Żeglec),Biecz,Żmigród,6,,19,
Podniebyle,Biecz,Żmigród,8,,19,
Cieklin,Biecz,Żmigród,10,,19,
Dzielec,Biecz,Żmigród,4,,19,
Dobrynia,Biecz,Żmigród,3,,19,
Folusz,Biecz,Żmigród,4,,19,
Strusieklęski,Biecz,Żmigród,10,,19,
Brzezowa,Biecz,Żmigród,5,,19,
Czyrmna (Czyrna),Biecz,Żmigród,11,,19,
Jabłonica,Biecz,Żmigród,5,,19,
Bączala (Bon czai),Biecz,Żmigród,5,,19,
Serwoniec,Biecz,Żmigród,6,,19,
Dąbrówka,Biecz,Żmigród,4,,19,
Sowina,Biecz,Żmigród,7,,19,
Biezdziadza,Biecz,Żmigród,9,,19,
Biezdziadka,Biecz,Żmigród,4,,19,
"Wygoda, k.",Biecz,Żmigród,3,,19,
Lublica,Biecz,Żmigród,4,,19,
Siekło wka,Biecz,Żmigród,22,,19,
Warzyce,Biecz,Żmigród,15,,19,
Czelusnica,Biecz,Żmigród,8,,19,
Gossowka,Biecz,Żmigród,5,,19,
Sobniow,Biecz,Żmigród,7,,19,
J asło,Biecz,Żmigród,8,,19,
Ułaszowice,Biecz,Żmigród,2,,19,
Niegłowice,Biecz,Żmigród,5,,19,
Brzeście (Brzyście),Biecz,Żmigród,4,,19,
Brzyscie,Biecz,Żmigród,5,,19,
Zułkow (Żołków),Biecz,Żmigród,7,,19,
Swięcany,Biecz,Żmigród,24,,19,
Szyrzyny (Szerzyny),Biecz,Żmigród,38,,19,
Rozembark,Biecz,Żmigród,16,,19,
Rasłowiec (Racławice),Biecz,Żmigród,5,,19,
Sietnica,Biecz,Żmigród,7,,19,
Moszczenica,Biecz,Żmigród,11,,19,
Machnowka,Biecz,Żmigród,6,,19,
Zagórzany,Biecz,Żmigród,9,,19,
Libusza,Biecz,Żmigród,11,,19,
Polna,Biecz,Żmigród,6,,19,
Grudna,Biecz,Żmigród,2,,19,
Siepietnica,Biecz,Żmigród,3,,19,
Harklowa,Biecz,Żmigród,6,,19,
Skołyszyn,Biecz,Żmigród,11,,19,
Kunowa,Biecz,Żmigród,5,,19,
Lisowek,Biecz,Żmigród,7,,19,
Sławęcin,Biecz,Żmigród,5,,19,
Przysieki,Biecz,Żmigród,2,,19,
Siedliska,Biecz,Żmigród,5,,19,
Trzcinica,Biecz,Żmigród,7,,19,
Osobnica,Biecz,Żmigród,5,,19,
Łazy,Biecz,Żmigród,4,,19,
Wola dębowiecka,Biecz,Żmigród,2,,19,
Załęże,Biecz,Żmigród,6,,19,
Swierchowa (Świerkowa),Biecz,Żmigród,4,,19,
Osiek,Biecz,Żmigród,8,,19,
Bieniarową,Biecz,Żmigród,7,,19,
Grab,Biecz,Żmigród,7,,19,
Kotan,Biecz,Żmigród,6,,19,
Myszczowa (Myscowa),Biecz,Żmigród,7,,19,
Świątkowa,Biecz,Żmigród,9,,19,
Swirzow (Swierzowa),Biecz,Żmigród,2,,19,
Bartne,Biecz,Żmigród,5,,19,
Dołchym (Dołembki?),Biecz,Żmigród,6,,19,
Rostayna (Rostajne),Biecz,Żmigród,7,,19,
Polany,Biecz,Żmigród,10,,19,
Desnica (Desznica),Biecz,Żmigród,2,,19,
Konty (Kąty),Biecz,Żmigród,3,,19,
Krywa (Krzywa),Biecz,Żmigród,3,,19,
Banica,Biecz,Żmigród,3,,19,
Krępna,Biecz,Żmigród,3,,19,
Pregonina (Przegonina),Biecz,Żmigród,3,,19,
Swiątkowka,Biecz,Żmigród,9,,19,
Grabanina,Biecz,Żmigród,9,,19,
Ninaszow (Nienaszów),Biecz,Żmigród,23,,20,
Makowiska,Biecz,Żmigród,7,,20,
Sulistrowa,Biecz,Żmigród,6,,20,
Draganów a,Biecz,Żmigród,5,,20,
Kobylany,Biecz,Żmigród,10,,20,
Łęki,Biecz,Żmigród,7,,20,
Łaysce,Biecz,Żmigród,4,,20,
Glinik,Biecz,Żmigród,5,,20,
Gliniczek,Biecz,Żmigród,3,,20,
Umieszczę (Umieszcz),Biecz,Żmigród,6,,20,
Tarnowiec,Biecz,Żmigród,8,,20,
Potakowka,Biecz,Żmigród,5,,20,
Brzezowka,Biecz,Żmigród,9,,20,
Cerocanka,Biecz,Żmigród,6,,20,
Borek,Biecz,Żmigród,7,,20,
Szebnie (Szczebnie),Biecz,Żmigród,4,,20,
Moderowka,Biecz,Żmigród,3,,20,
Birowka (Bierówka),Biecz,Żmigród,13,,20,
Niepła,Biecz,Żmigród,6,,20,
Rostoki,Biecz,Żmigród,6,,20,
Sątkowa (Sondkowa),Biecz,Żmigród,6,,20,
Stary Żmigród,Biecz,Żmigród,2,,20,
Kopytowa,Biecz,Żmigród,4,,20,
Żydowskie,Biecz,Żmigród,3,,20,
Ozenna (Ożyna),Biecz,Żmigród,7,,20,
Regietow,Biecz,Żmigród,3,,20,
Nieznaiowa,Biecz,Żmigród,7,,20,
Czarne,Biecz,Żmigród,5,,20,
Radocina,Biecz,Żmigród,3,,20,
Konieczna,Biecz,Żmigród,11,,20,
Smerekowiec,Biecz,Żmigród,2,,20,
Wysowa,Biecz,Żmigród,4,,20,
Uyscie,Biecz,Żmigród,24,,20,
Bielanki,Biecz,Żmigród,9,,20,
Klimkówka,Biecz,Żmigród,6,,20,
No wiec (No wica),Biecz,Żmigród,3,,20,
Pietrowka,Biecz,Żmigród,2,,20,
Pielgrzymka,Biecz,Żmigród,2,,20,
Bednarka,Biecz,Żmigród,5,,20,
Rozdzielę,Biecz,Żmigród,4,,20,
Lipinki,Biecz,Żmigród,16,,20,
Kryg,Biecz,Żmigród,3,,20,
Sokoł,Biecz,Żmigród,3,,20,
Rychwałd,Biecz,Żmigród,4,,20,
Mszanka,Biecz,Żmigród,21,,20,
"Garbacz, karczma",Biecz,Żmigród,7,,20,
Wola,Biecz,Żmigród,2,,20,
Łużna,Biecz,Żmigród,16,,20,
Bystra,Biecz,Żmigród,3,,20,
Szembark,Biecz,Żmigród,8,,20,
In summa w kahale zmigr.,Biecz,Żmigród,1926,,20,
Dukla gospodarzy 56,Biecz,Kahał dukielski,568,,20,Kahal dukielski.
browar pański,Biecz,Dukla,6,,20,
Suma,Biecz,Dukla,574,,20,
"Równe, w b.",Biecz,Dukla,17,,20,Parafia kabata dukielskiego.
"Zboiska, w k.",Biecz,Dukla,4,,20,
"Wietrzna (Wietrzno), w b.",Biecz,Dukla,7,,20,
"Wróblik, w b.",Biecz,Dukla,6,,20,
"Milczą, w k.",Biecz,Dukla,7,,20,
"Besko, w b., 2 k. i eh.",Biecz,Dukla,27,,20,
"Odrzechow (Odrzechowa), w b.-i 2 k.",Biecz,Dukla,18,,20,
"Nowosielce, w b. i ch.",Biecz,Dukla,10,,20,
"Czertez, w k.",Biecz,Dukla,5,,20,
Kostarowka (Kostarowce) w b.,Biecz,Dukla,6,,20,
"Białobrzegi, w k.",Biecz,Dukla,4,,20,
"Głowienka (Głowienko),, w k.",Biecz,Dukla,5,,20,
"Głoysce, w k.",Biecz,Dukla,11,,20,
"Krościenko, w k.",Biecz,Dukla,6,,20,
"iwia, w b.",Biecz,Dukla,6,,20,
"Cherowa (Chyrowa), w k.",Biecz,Dukla,3,,20,
"Mszanka, w k.",Biecz,Dukla,6,,21,
"Lipowica, w к.",Biecz,Dukla,5,,21,
"Trzciana, w k.",Biecz,Dukla,3,,21,
"Tylawa, w b.",Biecz,Dukla,12,,21,
"Barwinek, w 2 b.",Biecz,Dukla,12,,21,
"lasie (Jasiel), w b.",Biecz,Dukla,3,,21,
"Wernesowka, w b.",Biecz,Dukla,4,,21,
"Zawadka, w k.",Biecz,Dukla,4,,21,
"Zendranow (Zyndranowa), w 2 b.",Biecz,Dukla,20,,21,
"Lubatowka, w k.",Biecz,Dukla,4,,21,
"Jasionka, w k.",Biecz,Dukla,5,,21,
"Cergowa, w b. i k.",Biecz,Dukla,7,,21,
"Teodorowka, w k.",Biecz,Dukla,5,,21,
In summa głów w kahale duk.,Biecz,Dukla,806,,21,
Bobowa gospodarzy 29 głów,Biecz,bobow,185,,21,Kahal bobowski.
w kramnicach,Biecz,bobow,11,,21,
w ratuszu,Biecz,bobow,8,,21,
w karczmie Wesołej,Biecz,bobow,5,,21,
w kahale sandeckim głów,Biecz,bobow,1368,,21,
w kahale wisnickim,Biecz,bobow,2385,,21,
w kahale żmigrodzkim,Biecz,bobow,1926,,21,
w kahale dukielskim,Biecz,bobow,806,,21,
w kahale bobowskim,Biecz,bobow,218,,21,
Summa,Biecz,bobow,6703,,21,
w browarze pod zamkierr,Biecz,bobow,2,,21,
w browarze berdeckim,Biecz,bobow,7,,21,
Summa:,Biecz,bobow,218,,21,
