index,name,atlas_name,table,rid,viv,powiat,certainty
1_1,ciechanowiec,Ciechanowiec,1,2299,podl,drohicki,1
1_2,debica,Dębica,1,2447,san,pilzneński,1
1_4,glusk,Głusk,1,2228,lub,lubelski,1
1_3,grodzisk,Grodzisk,1,23367,san,błoński,1
1_5,jablonka,Jabłonka,1,2302,rus,zambrowski,1
1_6,jozefow,Józefów,1,2231,lub,urzędowski,1
1_7,kazimierz,Kazimierz,1,2232,lub,lubelski,1
1_8,koscielna_nur,Jabłonka Kościelna,1,2302,rus,zambrowski,1
1_9,lublin,Lublin,1,22464,lub,lubelski,1
1_10,miedzyrzecz_korecki,Międzyrzec Korecki,1,22635,woł,krzemieniecki,2
1_11,miedzyrzecz_podlaski,Międzyrzecz Podlaski,1,23168,rus,,3
1_12,poznan,Poznań,1,2397,poz,poznański,1
1_13,przemysl,Przemyśl,1,2019,rus,przemyski,1
1_14,siemiatycze,Siemiatycze,1,2318,podl,drohicki,1
1_15,wysokie_mazowieckie,Wysokie Mazowieckie,1,23169,podl,drohicki,1
10_1,balin,Balin,10,9467,pod,kamieniecki,2
10_2,bar,Bar,10,2337,pod,latyczewski,1
10_3,borszczow,Borszczów,10,2330,pod,czerwonogrodzki,1
10_4,chmielnik,Chmielnik,10,9599,pod,latyczewski,1
10_5,czarnokozince,Czarnokozińce,10,9621,pod,kamieniecki,1
10_6,czarnoostrow,Czarnoostrów,10,9717,pod,latyczewski,1
10_7,czercze,Czercze,10,2331,pod,czerwonogrodzki,2
10_8,czerwonogrod,Czerwonogród,10,2332,pod,czerwonogrodzki,1
10_9,deraznia,Derażnia,10,9795,pod,latyczewski,1
10_10,dunajowiec,Dunajowce,10,2333,pod,kamieniecki,1
10_11,dωwinogrod,Dźwinogród,10,9880,pod,kamieniecki,1
10_12,franpol,Franpol,10,2334,pod,kamieniecki,1
10_13,fulsztyn,Felsztyn,10,2335,pod,kamieniecki,1
10_14,grodek,Gródek,10,2343,pod,kamieniecki,1
10_15,grodek_on_dnister,Gródek,10,2343,pod,kamieniecki,1
10_16,husiatyn,Husiatyn,10,9468,pod,kamieniecki,1
10_17,jagielnica,Jagielnica,10,2338,pod,czerwonogrodzki,2
10_18,janow,Janów,10,23215,brac,bracławski,1
10_19,jarmolnica,Jarmolińce,10,2339,pod,latyczewski,2
10_20,jaruha,Jaruga,10,9876,pod,latyczewski,2
10_21,jaryszow,Jaryszów,10,10101,pod,latyczewski,2
10_22,jazlowiec,Jazłowiec,10,2340,pod,czerwonogrodzki,2
10_23,jezierzany,Jezierzany,10,2341,pod,kamieniecki,1
10_25,kalusz,Kalus,10,2342,pod,kamieniecki,2
10_24,kasperowce,Kasperowce,10,10195,pod,kamieniecki,1
10_26,kitajgrod,Kitajgród,10,2344,pod,kamieniecki,1
10_27,kolendziany,Kolędziany,10,10196,pod,kamieniecki,2
10_28,kopajgrod,Kopajgród,10,22947,pod,latyczewski,1
10_29,krzywcza,Krzywcza,10,2346,pod,kamieniecki,2
10_30,kudryniec,Kudryńce,10,2347,pod,kamieniecki,1
10_31,kupin,Kupin,10,9472,pod,kamieniecki,2
10_32,kuzmin,Kuźmin,10,2349,pod,latyczewski,2
10_33,lanckorona,Lanckoroń,10,2350,pod,kamieniecki,2
10_34,latyczew,Latyczów,10,22948,pod,latyczewski,1
10_35,lityn,Lityn,10,23267,brac,bracławski,1
10_75,luczyniec,Łuczyniec,10,22950,pod,latyczewski,1
10_36,makow,Maków,10,2351,pod,kamieniecki,1
10_37,michalpol,Michałpol,10,22951,pod,latyczewski,1
10_38,miedzyborz,Międzyboż,10,9473,pod,latyczewski,1
10_39,mikolajow,Mikołajów,10,22952,pod,latyczewski,2
10_40,minkowce,Mińkowce,10,2352,pod,kamieniecki,2
10_41,minkowiec,Mińkowce,10,2352,pod,kamieniecki,2
10_42,nowy_konstantynow,Konstantynów Nowy,10,10139,pod,latyczewski,1
10_43,okop,Okopy Świętej Trójcy,10,2353,pod,kamieniecki,1
10_44,olchowiec,Olchowiec,10,24582,pod,latyczewski,1
10_45,orynin,Orynin,10,2354,pod,kamieniecki,2
10_46,ozarzynce,Ozarzyńce,10,22955,pod,latyczewski,1
10_47,pikow,Pików,10,23276,brac,bracławski,1
10_49,ploskirow,Proskurów,10,22956,pod,latyczewski,1
10_48,pobuzniany,Probużna,10,2355,pod,czerwonogrodzki,2
10_50,satanow,Satanów,10,2356,pod,kamieniecki,1
10_51,sawince,Sawińce,10,2357,pod,latyczewski,2
10_52,sidorow,Sidorów,10,2358,pod,czerwonogrodzki,2
10_53,skala,Skała,10,2359,pod,czerwonogrodzki,2
10_54,smotrycz,Smotrycz,10,2360,pod,kamieniecki,1
10_55,snidkow,Snitków,10,22957,pod,latyczewski,2
10_56,snitowka,Snitówka,10,22960,pod,latyczewski,1
10_57,snydkow,Snitków,10,22957,pod,latyczewski,2
10_58,sokolec,Sokolec,10,2361,pod,kamieniecki,2
10_59,solobkowiec,Sołodkowce,10,2362,pod,latyczewski,2
10_60,stara_sieniawa,Sieniawa Stara,10,22958,pod,latyczewski,1
10_61,studenica,Studzienica,10,2363,pod,kamieniecki,2
10_62,szarawka,Szarawka,10,2364,pod,latyczewski,1
10_63,szarogrod,Szarogród,10,22959,pod,latyczewski,1
10_64,szatawa,Szatawa,10,24580,pod,kamieniecki,2
10_65,tluste,Tłuste,10,2366,pod,czerwonogrodzki,2
10_67,ulanow,Ułanów,10,10310,pod,latyczewski,1
10_66,ulanowiec,Ułanów,10,22961,pod,latyczewski,1
10_68,ulaszkowiec,Ułaszkowce,10,2367,pod,czerwonogrodzki,2
10_69,wierzbowiec,Wierzbowiec,10,22962,pod,latyczewski,2
10_70,wonkowce,Wońkowce,10,22963,pod,latyczewski,1
10_71,zaleszcze,Zaleszczyki,10,2369,pod,czerwonogrodzki,1
10_72,zamiechow,Zamiechów,10,22964,pod,latyczewski,1
10_73,zbrzyszcze,Zbrzyż,10,2370,pod,kamieniecki,2
10_74,zinkow,Zińków,10,22965,pod,latyczewski,1
10_76,zwaniec,Żwaniec,10,2371,pod,kamieniecki,1
11_1,babice_bachow_and_skopow,"",11,,rus,przemyski,2
11_2,balicz,Balice,11,3342,rus,przemyski,2
11_3,bircza,Bircza,11,1934,rus,przemyski,1
11_4,bybel,Bóbrka,11,1951,rus,lwowski,1
11_5,chodnowicz,Chodnowice,11,3438,rus,przemyski,2
11_6,chyrow,Chyrów,11,1940,rus,przemyski,1
11_7,czarna,Czarna,11,3451,rus,przemyski,2
11_8,czupnowicz,"",11,,rus,przemyski,3
11_9,dobromil,Dobromil,11,1942,rus,przemyski,1
11_10,dubiecko,Dubiecko,11,1952,rus,przemyski,1
11_11,dydnia,Dydnia,11,2757,rus,sanocki,1
11_12,dynow,Dynów,11,1954,rus,przemyski,1
11_13,felsztyn,Felsztyn,11,9644,pod,kamieniecki,1
11_14,fredropol,"",11,1956,"",przemyski,2
11_15,grodzisk,Grodzisk,11,1958,rus,przemyski,2
11_16,husakow,Husaków,11,1964,rus,przemyski,1
11_17,husow,Hussów,11,2785,rus,przemyski,2
11_18,iskan,Iskań,11,3610,rus,przemyski,2
11_19,izdebki,Izdebki,11,2788,rus,sanocki,1
11_20,jaroslaw,Jarosław,11,1969,rus,przemyski,1
11_21,jawornik,Jawornik,11,5929,rus,sanocki,2
11_22,jawornik_ruski,Jawornik Ruski,11,3636,rus,przemyski,1
11_23,klucz_niklowiecki,"",11,,rus,przemyski,3
11_24,krakowiec,Krakowiec,11,1979,rus,przemyski,1
11_25,krasiczyn,Krasiczyn,11,1981,rus,przemyski,1
11_26,krukienice,Krukienice,11,2832,rus,przemyski,1
11_27,krzeszow,Krzeszów,11,1989,rus,przemyski,1
11_28,krzywcza,Krzywcza,11,1992,rus,przemyski,1
11_60,lancut,Łańcut,11,2004,rus,przemyski,1
11_29,lezajsk,Leżajsk,11,1998,rus,przemyski,1
11_30,lubomierz,"",11,2007,"",przemyski,2
11_31,manasterz,Manasterz,11,2868,rus,przemyski,1
11_32,medyka,Medyka,11,2873,rus,przemyski,1
11_33,mosciska,Mościska,11,2012,rus,przemyski,1
11_34,nowomiasto,Nowe Miasto,11,2015,rus,przemyski,1
11_35,nowosiolki,Nowosiółki,11,22393,rus,przemyski,2
11_36,polski_kanczuga,Kańczuga,11,1976,rus,przemyski,1
11_37,pruchnik,Pruchnik,11,2018,rus,przemyski,1
11_38,przeworsk,Przeworsk,11,2022,rus,przemyski,1
11_39,radymno,Radymno,11,2934,rus,przemyski,1
11_40,rybotycze,Rybotycze,11,2028,rus,przemyski,1
11_41,sadowa,Sądowa Wisznia,11,24072,rus,lwowski,1
11_42,sambor,Sambor,11,2037,rus,przemyski,1
11_43,sokolow,Sokołów,11,2047,rus,przemyski,1
11_44,sosnica,Sośnica,11,4156,rus,przemyski,2
11_45,stanislawczyk,Stanisławczyk,11,2672,rus,lwowski,1
11_46,starosol,Stara Sól,11,2051,rus,przemyski,1
11_47,stary_sambor,Stary Sambor,11,2052,rus,przemyski,1
11_58,suburb_of_nizankowicy,Niżankowice,11,2893,rus,przemyski,1
11_59,suburb_of_przemysl,Przemyśl,11,2019,rus,przemyski,1
11_48,szumin,Sumin,11,13358,in,lipnowski,1
11_49,tarnawa,Tarnawa Górna,11,4228,rus,sanocki,2
11_50,turka_w_gorach,Turka,11,2065,rus,przemyski,2
11_51,twierza,Twierdza,11,4279,rus,przemyski,2
11_52,ustrzyki,Ustrzyki Dolne,11,2075,rus,przemyski,1
11_53,walawa,Walawa,11,4314,rus,przemyski,2
11_54,wielkie_oczy,Wielkie Oczy,11,2089,beł,bełski,1
11_55,wietlin,Wietlin,11,4327,rus,przemyski,2
11_56,wisznia,"",11,2076,"",przemyski,2
11_57,wyszatyce,Wyszatyce,11,3029,rus,przemyski,1
11_61,zulin,Żulin,11,3651,rus,przemyski,2
12_1_1,berszada,Berszada,12_1,18322,brac,bracławski,1
12_1_2,borszczejowka,Barszczówka,12_1,19925,kij,żytomierski,2
12_1_3,bosowka,Bosówka,12_1,18911,kij,kijowski,2
12_1_4,braclaw,Bracław,12_1,18420,brac,bracławski,1
12_1_5,brailow,Brahiłów,12_1,18441,brac,bracławski,1
12_1_6,cekinowka,Cekinówka,12_1,18464,brac,bracławski,1
12_1_7,chaszejowka,"",12_1,,kij,,3
12_1_8,chmielnik,Chmielnik,12_1,9599,pod,latyczewski,1
12_1_9,chwaszczow,Chaszczów,12_1,3424,rus,chełmski,2
12_1_10,czekielnik,Czeczelnik,12_1,18678,brac,bracławski,1
12_1_11,czerniejowce,Czerniejowce,12_1,9598,pod,kamieniecki,2
12_1_12,daszow,Daszów,12_1,22989,brac,bracławski,1
12_1_13,dziunkow,Dziuńków,12_1,23004,brac,bracławski,1
12_1_14,dωwinogrodka,Dźwinogród,12_1,9880,pod,kamieniecki,1
12_1_15,gologorz,Gołogóry,12_1,3535,rus,lwowski,1
12_1_16,granow,Granów,12_1,23114,brac,bracławski,1
12_1_17,hajsan,Hajsyn,12_1,23157,brac,bracławski,1
12_1_18,ilince,Ilińce,12_1,23265,brac,bracławski,1
12_1_19,jahorlik,Jahorłyk,12_1,22996,brac,bracławski,2
12_1_20,janoszgrod,Januszgrod,12_1,23216,brac,bracławski,1
12_1_21,janow,Janów,12_1,23215,brac,bracławski,1
12_1_22,jozefgrod,Bałta,12_1,18206,brac,bracławski,1
12_1_23,kalnik,Kalnik,12_1,18007,brac,bracławski,1
12_1_24,kitajgrod,Kitajgród,12_1,2344,pod,kamieniecki,1
12_1_25,kochanowka,Kochanówka,12_1,23221,brac,bracławski,1
12_1_27,kolatynka,Kalityna,12_1,18006,brac,bracławski,2
12_1_26,kolumnow,Kolonice,12_1,23270,kij,,3
12_1_33,komajgrod,Komargród,12_1,23264,brac,bracławski,1
12_1_28,krasne,Krasne,12_1,23229,brac,bracławski,1
12_1_29,kruty,Krute,12_1,23263,brac,bracławski,1
12_1_30,kublicz,"",12_1,19936,"",bracławski,3
12_1_31,kuzminka,Kuźmicze,12_1,23345,kij,żytomierski,2
12_1_32,kuznica,"",12_1,,podl,,3
12_1_69,ladyzyn,Ładyżyn,12_1,23268,brac,bracławski,1
12_1_34,lipowiec,Lipowiec,12_1,23266,brac,bracławski,1
12_1_35,lityn,Lityn,12_1,23267,brac,bracławski,1
12_1_36,markowka,Markówka,12_1,22439,rus,halicki,2
12_1_37,miastkowka,Miastkówka,12_1,23269,brac,bracławski,1
12_1_38,monasterzyska,Monasterzyska,12_1,23271,brac,bracławski,1
12_1_39,murachwa,Morachwa,12_1,23272,brac,bracławski,1
12_1_40,niemirow,Niemirów,12_1,23273,brac,bracławski,1
12_1_41,obodowka,Obodówka,12_1,23274,brac,bracławski,1
12_1_42,pieczara,Peczara,12_1,23275,brac,bracławski,1
12_1_43,przyluka,Przyłuka,12_1,23278,brac,bracławski,1
12_1_44,rajgrod,Rajgród,12_1,2316,podl,bielski,1
12_1_45,raszkow,Raszków,12_1,23280,brac,bracławski,1
12_1_46,roznialowka,Rozdziałowice,12_1,4086,rus,lwowski,2
12_1_48,salasze,Sałasze,12_1,24234,beł,bełski,2
12_1_47,sawran,Sawrań,12_1,23281,brac,bracławski,1
12_1_49,sieliszcza,Sieliszcze,12_1,19625,kij,żytomierski,2
12_1_50,sokolowka,Sokołówka,12_1,23283,brac,bracławski,1
12_1_51,strzyzawka,Strzyżawka,12_1,23284,brac,bracławski,1
12_1_52,szopkowice,"",12_1,19938,"",,3
12_1_53,teplic,Teplik,12_1,23285,brac,bracławski,1
12_1_54,terlowka,Terłówka,12_1,18560,brac,bracławski,2
12_1_55,tomaszpol,Tomaszpol,12_1,23287,brac,bracławski,1
12_1_56,trostianiec,Trościaniec,12_1,23288,brac,bracławski,1
12_1_57,tulczyn,Tulczyn,12_1,23289,brac,bracławski,1
12_1_58,turia,Turya,12_1,19783,kij,żytomierski,2
12_1_59,tywrow,Tywrów,12_1,23290,brac,bracławski,1
12_1_61,uladowka,Uładówka,12_1,23291,pod,latyczewski,2
12_1_60,uman,Urmań,12_1,23200,kij,żytomierski,2
12_1_62,winnica,Winnica,12_1,23292,brac,bracławski,1
12_1_63,woronowica,Woronowica,12_1,18633,brac,bracławski,1
12_1_64,woroszylowka,Woroszyłówka,12_1,23293,brac,bracławski,1
12_1_65,zadykowicz,Zadyby,12_1,12802,woł,włodzimierski,2
12_1_66,zinkow,Zińków,12_1,22965,pod,latyczewski,1
12_1_67,zorniszcza,Żorniszcze,12_1,23295,brac,bracławski,1
12_1_68,zwierzchowka,Wierzchówka,12_1,18614,brac,bracławski,2
12_2_1,barysz,Barysz,12_2,4449,rus,halicki,1
12_2_2,baworow,Baworów,12_2,4452,rus,trembowelski,2
12_2_3,bialoboznica,Białobożnica,12_2,4854,rus,trembowelski,1
12_2_4,biloboznica,Białobożnica,12_2,4854,rus,trembowelski,1
12_2_5,bohorodczany,Bohorodczany,12_2,1939,rus,halicki,1
12_2_6,bolszowiec,Bołszowce,12_2,2003,rus,halicki,1
12_2_7,buczacz,Buczacz,12_2,2660,rus,halicki,1
12_2_8,budzanow,Budzanów,12_2,6220,rus,trembowelski,1
12_2_9,bukaszowce,Bukaszowce,12_2,22360,rus,halicki,2
12_2_10,bursztyn,Bursztyn,12_2,2674,rus,halicki,1
12_2_11,chorostkow,Chorostków,12_2,5151,rus,trembowelski,1
12_2_12,czernelica,Czernelica,12_2,4461,rus,kołomyjski,1
12_2_13,czortkow,Czortków,12_2,3407,rus,trembowelski,1
12_2_14,delatyn,Chomiaków,12_2,5606,rus,halicki,2
12_2_67,dniatyn,Datyń,12_2,4063,rus,kołomyjski,2
12_2_15,grzymalow,Grzymałów,12_2,2664,rus,trembowelski,1
12_2_16,gwoωdziec,Gwoździec,12_2,3495,rus,kołomyjski,1
12_2_17,halicz,Halicz,12_2,24172,rus,halicki,1
12_2_18,horodenka,Horodenka,12_2,22364,rus,kołomyjski,1
12_2_19,horozanka,Horożanka,12_2,2782,rus,halicki,2
12_2_20,janow,Janów,12_2,1965,rus,lwowski,1
12_2_21,jezupol,Jezupol,12_2,2666,rus,halicki,1
12_2_22,kakielniki,"",12_2,,rus,halicki,3
12_2_23,kalusz,Kałusz,12_2,3211,rus,halicki,1
12_2_24,kamionka,Kamionka,12_2,3668,rus,lwowski,2
12_2_28,kolomyja,Kołomyja,12_2,22367,rus,kołomyjski,1
12_2_25,kopyczynce,Kopyczyńce,12_2,22368,rus,trembowelski,1
12_2_26,kosow,Kosów,12_2,22369,rus,kołomyjski,1
12_2_27,kozlow,Kozłów,12_2,2820,rus,trembowelski,1
12_2_31,kulaczkowce,Kułaczkowce,12_2,1987,rus,kołomyjski,1
12_2_29,kupczynce,Kupczyńce,12_2,24211,rus,trembowelski,1
12_2_30,kuty,Kuty,12_2,1988,rus,kołomyjski,1
12_2_68,lysiec,Łysiec,12_2,2862,rus,halicki,1
12_2_32,martynow,Martynów Nowy,12_2,2001,rus,halicki,1
12_2_33,maryampol,Mariampol,12_2,1999,rus,halicki,1
12_2_34,maryampol_and_jezupol,Mariampol,12_2,1999,rus,halicki,1
12_2_35,michalcze,Michalcze,12_2,4484,rus,kołomyjski,2
12_2_36,mikulince,Mikulińce,12_2,2002,rus,trembowelski,1
12_2_37,monasterzyska,Monasterzyska,12_2,2686,rus,halicki,1
12_2_38,nadworna,Nadwórna,12_2,2011,rus,halicki,1
12_2_39,nizniow,Niżniów,12_2,4973,rus,halicki,1
12_2_40,obertyn,Obertyn,12_2,6371,rus,kołomyjski,1
12_2_41,otynia,Ottynia,12_2,22372,rus,halicki,1
12_2_42,pistynia,Pistyń,12_2,2690,rus,kołomyjski,1
12_2_43,podhajce,Podhajce,12_2,2692,rus,halicki,1
12_2_44,podkamien,Podkamień,12_2,22373,rus,halicki,2
12_2_45,potok,Potok,12_2,4026,rus,halicki,1
12_2_46,rohatyn,Rohatyn,12_2,2024,rus,halicki,1
12_2_47,skalat,Skałat,12_2,2035,rus,trembowelski,1
12_2_48,sniatyn,Śniatyn,12_2,2058,rus,kołomyjski,1
12_2_49,solotwina,Sołotwina,12_2,2049,rus,halicki,1
12_2_50,stanislawow,Stanisławów,12_2,2669,rus,halicki,1
12_2_51,stratyn,Stratyn Miasto,12_2,6124,rus,halicki,2
12_2_52,strusow,Strusów,12_2,2050,rus,trembowelski,1
12_2_53,stupczate,"",12_2,,rus,kołomyjski,3
12_2_54,suchostaw,Suchostaw,12_2,2056,rus,trembowelski,1
12_2_55,tarnopol,Tarnopol,12_2,2064,rus,trembowelski,1
12_2_59,tlumacz,Tłumacz,12_2,22378,rus,halicki,1
12_2_56,towste,Touste,12_2,22379,rus,trembowelski,1
12_2_57,trembowla,Trembowla,12_2,2699,rus,trembowelski,1
12_2_58,tysmenica,Tyśmienica,12_2,2067,rus,halicki,1
12_2_60,uscie,Uścieczko,12_2,10317,pod,czerwonogrodzki,1
12_2_61,wisniowczyk,Wiśniowczyk,12_2,5499,rus,trembowelski,2
12_2_62,wojnilow,Wojniłów,12_2,2702,rus,halicki,1
12_2_63,zablotow,Zabłotów,12_2,6226,rus,kołomyjski,1
12_2_64,zarwanica,Zarwanica,12_2,5497,rus,trembowelski,2
12_2_65,zawalow,Zawałów,12_2,22380,rus,halicki,1
12_2_66,zlotniki,Złotniki,12_2,4510,rus,halicki,2
12_3_1,bialykamien,Biały Kamień,12_3,1931,rus,lwowski,1
12_3_2,bialykamien_bobrka,Biały Kamień,12_3,1931,rus,lwowski,1
12_3_7,bobrka,Bóbrka,12_3,1951,rus,lwowski,1
12_3_3,bolechow,Bolechów,12_3,1944,rus,żydaczowski,1
12_3_4,brody,Brody,12_3,2658,rus,lwowski,1
12_3_5,brzezany,Brzeżany,12_3,1982,rus,lwowski,1
12_3_6,brzozdowce,Brzozdowce,12_3,2021,rus,żydaczowski,1
12_3_8,chodorow,Chodorów,12_3,1938,rus,żydaczowski,1
12_3_9,dolina,Dolina,12_3,22362,rus,żydaczowski,1
12_3_10,dunajow,Dunajów,12_3,1953,rus,lwowski,1
12_3_11,gliniany,Gliniany,12_3,2663,rus,lwowski,1
12_3_12,gologory,Gołogóry,12_3,1955,rus,lwowski,1
12_3_13,grodek,Gródek,12_3,2676,rus,lwowski,1
12_3_14,janow,Janów,12_3,1965,rus,lwowski,1
12_3_15,jaryczow,Jaryczów Nowy,12_3,1972,rus,lwowski,1
12_3_16,jaworow,Jaworów,12_3,1974,rus,lwowski,1
12_3_17,kamionka,Kamionka,12_3,22365,rus,lwowski,2
12_3_18,knichynicze,Knihynicze,12_3,1977,rus,lwowski,1
12_3_19,komarno,Komarno,12_3,2681,rus,lwowski,1
12_3_20,kozowa,Kozowa,12_3,22370,rus,lwowski,2
12_3_21,kukizow,Kukizów,12_3,24173,rus,lwowski,1
12_3_22,kulikow,Kulików,12_3,1985,rus,lwowski,1
12_3_23,lwow,Lwów,12_3,1991,rus,lwowski,1
12_3_24,mikolajow,Mikołajów,12_3,2878,rus,żydaczowski,1
12_3_25,narajow,Narajów,12_3,2687,rus,lwowski,1
12_3_26,nawarya,Nawarja,12_3,2013,rus,lwowski,1
12_3_27,olesko,Olesko,12_3,22371,rus,lwowski,1
12_3_28,podkamien,Podkamień,12_3,22373,rus,lwowski,1
12_3_29,podwysokie,Podwysokie,12_3,3164,rus,lwowski,2
12_3_30,pomorzany,Pomorzany,12_3,22374,rus,lwowski,1
12_3_31,przemysliany,Przemyślany,12_3,22376,rus,lwowski,1
12_3_32,rozdol,Rozdół,12_3,2027,rus,żydaczowski,1
12_3_33,rozniatow,Rożniatów,12_3,22377,rus,żydaczowski,1
12_3_34,sasow,Sasów,12_3,2030,rus,lwowski,1
12_3_35,sokolow,Sokołów,12_3,2047,rus,przemyski,1
12_3_36,sokolowka,Sokołówka,12_3,2042,rus,lwowski,1
12_3_37,stanislawczyk,Stanisławczyk,12_3,2672,rus,lwowski,1
12_3_38,strzeliska,Strzeliska Nowe,12_3,2055,rus,lwowski,1
12_3_39,suburb_of_lwow,Lwów,12_3,1991,rus,lwowski,1
12_3_40,swierz,Świrz,12_3,2059,rus,lwowski,1
12_3_41,szczerzec,Szczerzec,12_3,2697,rus,lwowski,1
12_3_42,winniki,Winniki,12_3,3016,rus,lwowski,1
12_3_43,wybranowka,Wybranówka,12_3,5582,rus,lwowski,1
12_3_44,zborow,Zborów,12_3,22381,rus,lwowski,1
12_3_45,zloczow,Złoczów,12_3,22382,rus,lwowski,1
12_3_49,zolkiew,Żółkiew,12_3,22383,rus,lwowski,1
12_3_46,zurawno,Żurawno,12_3,22385,rus,żydaczowski,1
12_3_47,zurow,Żurów,12_3,22386,rus,żydaczowski,1
12_3_48,zydaczow,Żydaczów,12_3,22387,rus,żydaczowski,1
13_1,biercza,Bircza,13,1934,rus,przemyski,1
13_2,fredropol,"",13,1956,"",przemyski,2
13_3,krukienice,Krukienice,13,2832,rus,przemyski,1
13_12,laszki,Laszki Murowane,13,1993,rus,przemyski,1
13_4,nowomiasto_bybel,Nowe Miasto,13,2015,rus,przemyski,1
13_5,rybotycze,Rybotycze,13,2028,rus,przemyski,1
13_6,sambor,Sambor,13,2037,rus,przemyski,1
13_7,stanislawow,Stanisławów,13,2669,rus,halicki,1
13_8,starosol,Stara Sól,13,2051,rus,przemyski,1
13_9,stary_sambor,Stary Sambor,13,2052,rus,przemyski,1
13_10,suburb_of_przemysl,Przemyśl,13,2019,rus,przemyski,1
13_11,uszkow,"",13,,rus,przemyski,3
14_1_1,dubno,Dubno,14_1,22579,woł,łucki,1
14_1_2,kamien_korzecki,Kamień Koszyrski,14_1,22616,woł,łucki,1
14_1_3,kowel,Kowel,14_1,11469,woł,łucki,1
14_1_4,michnowka,Michnów,14_1,12148,woł,łucki,2
14_1_5,miedzyrzecz_korecki,Międzyrzec Korecki,14_1,22635,woł,łucki,1
14_1_6,milianowiec,Milanowicze,14_1,12157,woł,łucki,2
14_1_7,niesuchojeze,Niesuchojeże,14_1,22638,woł,włodzimierski,2
14_1_8,olyka,Ołyka,14_1,22640,woł,łucki,1
14_1_9,warkowicze,Warkowicze,14_1,22658,woł,łucki,2
14_1_10,wyzwa,Wyżwa Nowa,14_1,12797,woł,włodzimierski,2
14_3_1,borowce,"",14_3,,pod,,3
14_3_2,czartorysk,Czartorysk,14_3,22607,pod,łucki,2
14_3_3,czetwertnie,Czetwertnia,14_3,11648,woł,łucki,2
14_3_4,derewicz,Horochów,14_3,22610,woł,włodzimierski,1
14_3_5,grodek,Gródek,14_3,2343,pod,kamieniecki,1
14_3_6,janowka,Janówka,14_3,22614,pod,łucki,2
14_3_7,kaszowka,Kaszówka,14_3,22617,pod,łucki,2
14_3_8,kilikiew,Kilikijów,14_3,11860,woł,łucki,2
14_3_9,klewan,Klewań,14_3,22500,woł,łucki,1
14_3_10,kolki,Kołki,14_3,22619,woł,łucki,1
14_3_11,krasnostaw,Krasnystaw,14_3,11965,woł,łucki,2
14_3_12,leszniowek,Leszniów,14_3,22628,pod,łucki,2
14_3_21,luck,Łuck,14_3,24175,woł,łucki,1
14_3_13,mielnica,Mielnica,14_3,22634,woł,krzemieniecki,2
14_3_14,morawica,"",14_3,,pod,,3
14_3_15,okonsk,Okońsk,14_3,12269,woł,łucki,2
14_3_16,ostrozec,Ostrożec,14_3,22641,pod,łucki,2
14_3_17,rafalowka,Rafałówka,14_3,12447,woł,łucki,2
14_3_18,targowica,Targowica,14_3,22654,woł,łucki,2
14_3_19,trojanowka,Trojanówka,14_3,12674,woł,łucki,2
14_3_20,wisienki,Wiszenka,14_3,18620,brac,bracławski,2
14_3_22,zurawno,Żurawno,14_3,22385,rus,żydaczowski,1
14_4_1,dziunkow,Dziuńków,14_4,23004,brac,bracławski,1
14_4_2,lipowiec,Lipowiec,14_4,18163,brac,bracławski,1
14_4_3,pikow,Pików,14_4,23277,brac,bracławski,1
14_4_4,strzyzawka,Strzyżawka,14_4,23284,brac,bracławski,1
14_4_5,tetyjow,Tetyjów,14_4,23286,brac,bracławski,1
14_4_6,ulanow,Ułanów,14_4,10310,pod,latyczewski,1
14_4_7,winnica,Winnica,14_4,15429,pom,gdański,1
14_4_8,zywotow,Żywotów,14_4,23296,brac,bracławski,1
14_5_1,berdyczow,Berdyczów,14_5,2168,kij,żytomierski,1
14_5_2,bialocerkiew,Białacerkiew,14_5,2169,kij,kijowski,1
14_5_3,bialopole,Białopole,14_5,2170,woł,włodzimierski,2
14_5_5,bilylowka,Białołówka,14_5,2171,kij,kijowski,1
14_5_4,biylowka,Białołówka,14_5,2171,kij,kijowski,1
14_5_6,bohuslaw,Bohusław,14_5,2172,kij,kijowski,1
14_5_7,borodianka,Borodzianka,14_5,2174,kij,kijowski,1
14_5_8,borowica,Borowica,14_5,24400,kij,kijowski,2
14_5_9,borszczejowka,Borszczówka,14_5,11566,woł,włodzimierski,2
14_5_10,brusylow,Brusiłów,14_5,2175,kij,żytomierski,1
14_5_11,buzyn,Bużyn,14_5,24399,kij,kijowski,2
14_5_12,bystryk,Bystrzyk,14_5,18941,kij,kijowski,2
14_5_13,byszow,Byszów,14_5,2176,kij,kijowski,1
14_5_14,chabnoje,Chabne,14_5,2177,kij,owrucki,2
14_5_15,chodarkow,Chodorków,14_5,2178,kij,żytomierski,1
14_5_16,cudnow,Cudnów,14_5,2179,kij,żytomierski,1
14_5_17,czajkowka,Czajki,14_5,2180,kij,kijowski,2
14_5_18,czehryn,Czehryn,14_5,24398,kij,kijowski,1
14_5_19,czerkasy,Czerkasy,14_5,23403,kij,kijowski,1
14_5_20,czerniechow,Czerniachów,14_5,2181,kij,żytomierski,1
14_5_21,czerwone,Czerwona,14_5,2182,kij,kijowski,2
14_5_22,dolbysz,Bereżce,14_5,11514,woł,łucki,2
14_5_23,dymer_near_kiev,Dymir,14_5,19041,kij,kijowski,1
14_5_24,dymer_near_uszomier,Uszomierz,14_5,2210,woł,żytomierski,2
14_5_25,fastow,Chwastów,14_5,2183,kij,kijowski,1
14_5_26,hermanowka,Hermanówka,14_5,23404,kij,kijowski,1
14_5_27,hornostajpol,Hornostajpol,14_5,19093,kij,kijowski,1
14_5_28,horodyszcze,Horodyszcze,14_5,19095,kij,kijowski,2
14_5_29,horoszkow,Horoszki,14_5,2184,kij,kijowski,2
14_5_30,husia,"",14_5,,woł,,3
14_5_31,iwnica,Iwnica,14_5,2185,kij,żytomierski,1
14_5_32,jasnohorodka,Jasnohorodka,14_5,2186,kij,kijowski,1
14_5_33,kahorlik,Kahorlik,14_5,19170,kij,kijowski,1
14_5_34,kalnibloto,Ekaterynopol,14_5,19046,kij,kijowski,2
14_5_35,kamionka,Kamionka,14_5,11850,woł,łucki,2
14_5_36,kaniow,Kaniów,14_5,23405,kij,kijowski,1
14_5_37,kodnia,Kodnia,14_5,2187,kij,żytomierski,1
14_5_38,korostaszow,Korosteszów,14_5,2188,kij,żytomierski,1
14_5_39,korsun,Korsuń,14_5,2189,kij,kijowski,1
14_5_40,koszowata,Koszowata,14_5,23406,kij,kijowski,1
14_5_41,kotelnia,Kotelnia,14_5,2190,kij,żytomierski,1
14_5_42,krasnopol,Krasnopol,14_5,2191,kij,żytomierski,1
14_5_43,krylow,Kryłów,14_5,24396,kij,kijowski,2
14_5_44,ksawerow,Ksawerów,14_5,2192,kij,żytomierski,1
14_5_45,leszczyn,Leszczyn,14_5,2193,kij,żytomierski,1
14_5_81,lowkow,"",14_5,,woł,,3
14_5_82,lysianka,Lisianka,14_5,23407,kij,kijowski,1
14_5_46,machnowka,Machnówka,14_5,2196,kij,żytomierski,1
14_5_47,makarow,Makarów,14_5,2197,kij,kijowski,1
14_5_48,medwedowka,Medwedówka,14_5,24397,kij,kijowski,2
14_5_49,medwincy,Medwin,14_5,19375,kij,kijowski,2
14_5_50,miedzyrzecz,Meżyrycz,14_5,19379,kij,żytomierski,2
14_5_51,miropol,Miropol Stary,14_5,12170,kij,żytomierski,1
14_5_52,moszna,Moszny,14_5,2198,kij,kijowski,1
14_5_53,motowilowka,Motowidłówka,14_5,19415,kij,kijowski,1
14_5_54,motowolowka,Motowidłówka,14_5,19415,kij,kijowski,1
14_5_55,nowy_lubar,Lubar,14_5,2194,woł,krzemieniecki,1
14_5_56,olewsk,Olewsk,14_5,23411,kij,owrucki,1
14_5_57,olszanaja,Olszana,14_5,19460,kij,kijowski,2
14_5_58,pawolocz,Pawołocz,14_5,2200,kij,żytomierski,1
14_5_59,piatka,Piatka,14_5,19504,kij,żytomierski,2
14_5_60,pohrebyszcze,Pohrebyszcze,14_5,17733,brac,bracławski,1
14_5_61,pradzow,"",14_5,,woł,,3
14_5_62,przyborsk,Przyborsk,14_5,19563,kij,kijowski,2
14_5_63,radomysl,Radomyśl,14_5,2202,kij,żytomierski,1
14_5_64,rejgrod,Rajgród,14_5,9293,podl,bielski,1
14_5_65,rokitna,Rokitna,14_5,19585,kij,kijowski,1
14_5_66,rozow,Rożów,14_5,2203,kij,kijowski,1
14_5_67,ruzyn,Rużyn,14_5,19607,kij,żytomierski,1
14_5_68,rzeszczow,Rzeszów,14_5,2031,rus,przemyski,1
14_5_69,skwira,Skwira,14_5,2204,kij,żytomierski,1
14_5_73,slobodyszcze,Słobodyszcze,14_5,2205,kij,żytomierski,1
14_5_70,smyla,Smiła,14_5,2207,kij,kijowski,1
14_5_71,stawiszcze,Stawiszcze,14_5,2206,kij,kijowski,1
14_5_72,steblow,Steblów,14_5,19687,kij,kijowski,1
14_5_74,taraszcza,Taraszcza,14_5,2208,kij,kijowski,1
14_5_75,traktamirow,Trechtymirów,14_5,2209,kij,kijowski,1
14_5_76,trojanow,Trojanów,14_5,2211,kij,żytomierski,1
14_5_77,uszomier,Uszomierz,14_5,19791,kij,żytomierski,1
14_5_78,wernyhorodok,Wernyhorodek,14_5,19813,kij,żytomierski,2
14_5_79,wilsk,Wilsk,14_5,19823,kij,żytomierski,2
14_5_80,wolodarka,Wołodarka,14_5,2212,kij,kijowski,1
14_5_83,zabotyn,Żabotyn,14_5,19886,kij,kijowski,1
14_5_84,zytomierz,Żytomierz,14_5,2214,kij,żytomierski,1
14_6_1,aleksandryja,Aleksandrja,14_6,12805,woł,łucki,2
14_6_2,annopol,Annopol,14_6,9034,kij,żytomierski,2
14_6_3,baranowka,Baranówka,14_6,22515,woł,krzemieniecki,1
14_6_4,berezdow,Berezdów,14_6,22477,woł,łucki,2
14_6_5,bereznica,Bereźnica,14_6,24577,woł,łucki,2
14_6_6,berezno,Berezno,14_6,2240,woł,łucki,1
14_6_7,bialogrodka,Białogródka,14_6,11520,woł,krzemieniecki,1
14_6_8,czartoryja,Czartorya Nowa,14_6,11634,kij,żytomierski,2
14_6_9,czernilowka,"",14_6,,kij,,3
14_6_10,derazna,Deraźne,14_6,22501,woł,łucki,1
14_6_11,derman,Derno,14_6,11667,woł,łucki,2
14_6_12,gupkow,"",14_6,,kij,,3
14_6_13,hoszcza,Hoszcza,14_6,22612,woł,łucki,1
14_6_14,hrycow,Hryców,14_6,22507,woł,krzemieniecki,1
14_6_15,hulewiczow,Hulewicze,14_6,22613,woł,włodzimierski,2
14_6_16,janow_and_chartoryja,Janów,14_6,1966,rus,lwowski,1
14_6_17,kamienczyk,Kamień Koszyrski,14_6,22616,woł,łucki,1
14_6_18,konstantynow,Konstantynów,14_6,22620,kij,żytomierski,2
14_6_19,korzec,Korzec,14_6,22462,kij,łucki,1
14_6_20,kozin,Kozin,14_6,22622,woł,krzemieniecki,1
14_6_21,krasylow,Krasiłów,14_6,2559,woł,krzemieniecki,1
14_6_22,krupa,Krupa,14_6,22623,woł,łucki,2
14_6_23,kulczyn,Kulczyny,14_6,12132,woł,krzemieniecki,1
14_6_24,kuniow,Kuniów,14_6,22626,kij,krzemieniecki,1
14_6_25,kuzmin,Kuźmin,14_6,22504,kij,krzemieniecki,1
14_6_48,labun,Łabuń,14_6,22505,woł,krzemieniecki,1
14_6_49,leczna,Łęczna,14_6,2242,lub,lubelski,1
14_6_26,lubar,Lubar,14_6,12054,woł,krzemieniecki,1
14_6_27,lubomirka,Lubomirka,14_6,22824,pod,latyczewski,2
14_6_28,maryan,"",14_6,,kij,,3
14_6_29,miedzyrzecz_korecki,Międzyrzec Korecki,14_6,22635,woł,łucki,1
14_6_30,misicz_maly,"",14_6,,kij,,3
14_6_31,misocz,Mizocz,14_6,24578,woł,łucki,2
14_6_33,ostrog,Ostróg,14_6,22642,kij,łucki,1
14_6_32,ostropol,Ostropol,14_6,12294,kij,krzemieniecki,1
14_6_34,polonne,Połonne,14_6,22514,woł,krzemieniecki,1
14_6_35,rowno,Równe,14_6,2556,woł,łucki,1
14_6_36,sarny,Sarny,14_6,18435,brac,bracławski,2
14_6_41,slawuta,Sławuta,14_6,22499,kij,krzemieniecki,1
14_6_37,stepan,Stepań,14_6,22503,kij,łucki,1
14_6_38,sudylkow,Sudyłków,14_6,22508,kij,krzemieniecki,1
14_6_39,szepetowka,Szepetówka,14_6,22651,woł,krzemieniecki,1
14_6_40,szumsk,Szumsk,14_6,22652,woł,krzemieniecki,1
14_6_42,tuczyn,Tuczyn,14_6,2557,kij,łucki,1
14_6_43,warkowicze,Warkowicze,14_6,22658,woł,łucki,1
14_6_45,wlodzimirzec,Włodzimierzec,14_6,22662,woł,łucki,2
14_6_44,wolynska_derewicz,Derewicze,14_6,11664,woł,łucki,2
14_6_46,zaslaw,Zasław,14_6,22664,woł,krzemieniecki,1
14_6_47,zwiahel,Zwiahel,14_6,22665,woł,łucki,1
14_7_1,brahin,Brahin,14_7,2173,kij,owrucki,1
14_7_2,chojniki,Chojniki,14_7,23401,kij,owrucki,1
14_7_3,choszczomel,"",14_7,,kij,,3
14_7_4,czarnobyl,Czarnobyl,14_7,23402,kij,owrucki,1
14_7_5,dymidow,Demidów,14_7,19022,kij,kijowski,2
14_7_11,lubianka,Łubianka,14_7,19343,kij,kijowski,2
14_7_12,luhyny,Łuhiny,14_7,23408,kij,owrucki,1
14_7_6,narodycze,Narodycze,14_7,23409,kij,owrucki,1
14_7_7,nordzynsk,Noryńsk,14_7,23410,kij,owrucki,1
14_7_8,owrucz,Owrucz,14_7,2199,kij,owrucki,1
14_7_9,sylweszna,"",14_7,,woł,,3
14_7_10,wieledniki,Wieledniki,14_7,23412,kij,owrucki,1
14_8_1,bersteczko,Beresteczko,14_8,22580,woł,łucki,1
14_8_3,bludow,Błudów,14_8,11542,woł,włodzimierski,2
14_8_2,boromel,Boremel,14_8,11558,woł,łucki,2
14_8_4,druszkopol,Drużkopol,14_8,22609,woł,włodzimierski,2
14_8_5,horochow,Horochów,14_8,22610,woł,włodzimierski,1
14_8_6,hulowka,"",14_8,,woł,włodzimierski,2
14_8_7,jeziorzany,Jeziorzany,14_8,22644,woł,łucki,2
14_8_8,kisielin,Kisielin,14_8,22618,woł,włodzimierski,2
14_8_9,lesniow,Leśniów,14_8,8089,kr,lelowski,1
14_8_25,lobaczowka,Łobaczówka,14_8,22629,woł,włodzimierski,2
14_8_26,lokacze,Łokacze,14_8,22630,woł,włodzimierski,1
14_8_10,michalowka,Michałówka,14_8,22633,woł,włodzimierski,2
14_8_11,milatyn,Milatyn,14_8,22636,woł,włodzimierski,2
14_8_12,orychow,"",14_8,,woł,włodzimierski,2
14_8_13,ozdiutycze,Oździutycze,14_8,22643,woł,włodzimierski,2
14_8_14,poryck,Poryck,14_8,22645,woł,włodzimierski,1
14_8_15,rozenpol,"",14_8,,woł,,3
14_8_16,sokol,Sokół,14_8,10208,pod,,3
14_8_17,stobuchwa,Stobychwa,14_8,22650,woł,włodzimierski,2
14_8_18,stolowka,"",14_8,,woł,,3
14_8_19,stremilche,Strzemilcze,14_8,22413,woł,buski,1
14_8_20,swiniuchy,Świniuchy,14_8,22653,woł,włodzimierski,2
14_8_21,torczyn,Torczyn,14_8,22655,woł,łucki,1
14_8_22,turzysk,Turzysk,14_8,22656,woł,włodzimierski,1
14_8_23,uscilug,Uściług,14_8,22657,woł,włodzimierski,1
14_8_24,wlodzimierz,Włodzimierz,14_8,22661,woł,włodzimierski,1
2_1,blazow,Błażów,2,4379,rus,przemyski,2
2_2,czudec,Czudec,2,2445,san,pilzneński,1
2_3,frysztak,Frysztak,2,22482,san,pilzneński,1
2_4,glogow,Głogów,2,2448,san,pilzneński,1
2_5,krasnobrod,"",2,,san,,3
2_6,niebylec,Niebylec,2,8569,san,pilzneński,1
2_7,ropczyce,Ropczyce,2,22483,san,pilzneński,1
2_8,rozwadow,Rozwadów,2,2486,san,sandomierski,1
2_9,rzeszow,Rzeszów,2,2031,rus,przemyski,1
2_10,sedrzyszow,Sędziszów,2,2492,san,pilzneński,1
2_11,strzyzow,Strzyżów,2,2499,san,pilzneński,1
2_12,tyczyn,Tyczyn,2,2069,rus,przemyski,1
2_13,wielopole,Wielopole,2,22484,san,pilzneński,1
3_1_1,goworowo,Goworowo,3_1,14617,maz,ostrołęcki,1
3_1_2,grajew,Grajewo,3_1,2266,maz,wąsoski,1
3_1_3,jablonna,Jabłonna Lacka,3_1,9256,podl,drohicki,1
3_1_4,jedwabne,Jedwabne,3_1,2267,maz,wiski,1
3_1_5,kleczkowo,Kleczków,3_1,14650,maz,ostrołęcki,1
3_1_6,lipniki,Lipniki,3_1,19314,kij,kijowski,2
3_1_7,myszyniec,Myszyniec,3_1,22916,maz,ostrołęcki,1
3_1_8,nowogrod,Nowogród,3_1,14716,maz,łomżyński,1
3_1_9,rudka,Rudka,3_1,9296,podl,drohicki,1
3_1_10,sniadow,Śniadowo,3_1,2281,maz,łomżyński,1
3_1_11,stawiski,Stawiski,3_1,2277,maz,kolneński,1
3_1_12,stawiski_and_jedwabne,Stawiski,3_1,2277,maz,kolneński,1
3_1_13,szczucin,Szczuczyn,3_1,2280,maz,wąsoski,1
3_1_14,troszyn,Troszyn,3_1,14800,maz,ostrołęcki,1
3_1_15,wizna,Wizna,3_1,2283,maz,wiski,1
3_1_16,zambrow,Zambrów,3_1,24544,maz,zambrowski,1
3_1_17,zawadow,"",3_1,,maz,,3
3_2_1,augustow,Augustów,3_2,2294,podl,bielski,1
3_2_2,bialystok,Białystok,3_2,2295,podl,bielski,1
3_2_3,boczki,Boczki,3_2,2296,podl,bielski,1
3_2_4,drohiczyn,Drohiczyn,3_2,2300,podl,drohicki,1
3_2_5,goniadz,Goniądz,3_2,2301,podl,bielski,1
3_2_6,jasionowka,Jasionówka,3_2,2304,podl,bielski,1
3_2_7,knyszyn,Knyszyn,3_2,9264,podl,bielski,1
3_2_8,konstantynow,Konstantynów,3_2,2305,podl,,3
3_2_9,losice,Łosice,3_2,2307,podl,mielnicki,1
3_2_10,mielnik,Mielnik,3_2,9335,podl,mielnicki,1
3_2_11,niemirow,Niemirów,3_2,2313,podl,mielnicki,1
3_2_12,orly,Orla,3_2,2314,podl,bielski,1
3_2_13,osowiec,"",3_2,,podl,,3
3_2_14,rajgrod,Rajgród,3_2,2316,podl,bielski,1
3_2_15,rajgrod_and_augustow,Rajgród,3_2,2316,podl,bielski,1
3_2_16,rososz,Rossosz,3_2,2115,podl,,3
3_2_17,sarnaki,Sarnaki,3_2,2317,podl,mielnicki,1
3_2_18,siemiatycze,Siemiatycze,3_2,2318,podl,drohicki,1
3_2_19,sokoly,Sokoły,3_2,2322,podl,bielski,1
3_2_20,suraz,Suraż,3_2,9308,podl,bielski,1
3_2_21,tykocin,Tykocin,3_2,2323,podl,bielski,1
3_2_22,wiszna,"",3_2,,podl,,3
3_2_23,wysokie_mazowieckie,Wysokie Mazowieckie,3_2,23169,podl,drohicki,1
4_1_1,czyzew,Czyżewo,4_1,2265,maz,nurski,1
4_1_2,dobre,Dobre,4_1,14603,maz,liwski,1
4_1_3,goworowo,Goworowo,4_1,14617,maz,ostrołęcki,1
4_1_4,jadow_and_strachowka,Jadów,4_1,14628,maz,kamieniecki,1
4_1_5,kaluszyn,Kałuszyn,4_1,2268,maz,liwski,1
4_1_6,kamienczyk,Kamieńczyk,4_1,14642,maz,kamieniecki,1
4_1_7,karczew,Karczew,4_1,14645,maz,czerski,1
4_1_8,liw,Liw,4_1,14677,maz,liwski,1
4_1_9,minsk_mazowiecki,Mińsk Mazowiecki,4_1,14694,maz,garwoliński,1
4_1_10,niegow,Niegów,4_1,14711,maz,kamieniecki,1
4_1_11,ostrow_mazowiecka,Ostrów Mazowiecka,4_1,2273,maz,ostrowski,1
4_1_12,radzymin,Radzymin,4_1,14759,maz,warszawski,1
4_1_13,siennica,Siennica,4_1,14774,maz,garwoliński,1
4_1_14,stoczek,Stoczek,4_1,2279,maz,kamieniecki,1
4_1_15,wasewo,Wąsewo,4_1,2282,maz,ostrowski,1
4_1_18,wolka_brzezinska,Wólka Brzezińska,4_1,2284,maz,ostrowski,1
4_1_19,wolka_goworowska,Goworowo,4_1,14617,maz,ostrołęcki,1
4_1_16,zareby,Zaręby,4_1,14836,maz,przasnyski,1
4_1_17,zareby_koscielne,Zaręby Kościelne,4_1,2287,maz,nurski,1
4_2_1,ciechanowiec,Ciechanowiec,4_2,2299,podl,drohicki,1
4_2_2,kosow_lacki,Kosów Lacki,4_2,2306,podl,drohicki,1
4_2_3,mokobody,Mokobody,4_2,2308,podl,drohicki,1
4_2_4,mordy,Mordy,4_2,2309,podl,drohicki,1
4_2_5,sokolow_podlaski,Sokołów,4_2,2320,podl,drohicki,1
4_2_6,sterdyn,Sterdyń,4_2,9305,podl,drohicki,1
4_2_7,wegrow,Węgrów,4_2,2325,podl,drohicki,1
4_2_8,wysokie_mazowieckie,Wysokie Mazowieckie,4_2,23169,podl,drohicki,1
5_1_1,belz,Bełz,5_1,2671,beł,bełski,1
5_1_2,busk,Busk,5_1,6392,beł,buski,1
5_1_3,cieszanow,Cieszanów,5_1,2084,beł,bełski,1
5_1_4,dobrotwor,Chołojów,5_1,6367,beł,buski,1
5_1_5,dubienka,Dubienka,5_1,6364,beł,grabowiecki,1
5_1_6,grabowiec,Grabowiec,5_1,4600,beł,grabowiecki,1
5_1_7,horodlo,Horodło,5_1,6369,beł,grabowiecki,1
5_1_8,jaroczew,Jarczów,5_1,6365,beł,bełski,1
5_1_9,komorow,Komarów,5_1,5245,beł,grabowiecki,1
5_1_10,korytnica,Korytnica,5_1,5267,beł,grabowiecki,1
5_1_11,krystynpol,Krystynopol,5_1,6373,beł,bełski,1
5_1_12,libicza,"",5_1,,beł,bełski,2
5_1_13,lipsko,Lipsko,5_1,22410,beł,bełski,1
5_1_14,lubaczow,Lubaczów,5_1,2086,beł,bełski,1
5_1_15,lubela,Lubella,5_1,5339,beł,bełski,2
5_1_16,mosty_krolewkie,"",5_1,,beł,bełski,2
5_1_17,mosty_szlacheckie,"",5_1,,beł,bełski,2
5_1_18,narol,Narol,5_1,6378,beł,bełski,1
5_1_19,niemierow,Niemirów,5_1,6380,beł,bełski,1
5_1_20,oleszczyce,Oleszyce,5_1,2088,beł,bełski,1
5_1_21,potok,Potok,5_1,6385,beł,bełski,1
5_1_22,potylicz,Potylicz,5_1,6515,beł,bełski,1
5_1_23,przewale,Przewały,5_1,4493,rus,chełmski,2
5_1_24,rachanie,Rachanie,5_1,6431,beł,bełski,1
5_1_25,radziechow,Radziechów,5_1,6379,beł,buski,1
5_1_26,rawa_ruska,Rawa Ruska,5_1,6382,beł,bełski,1
5_1_27,sokal,Sokal,5_1,6384,beł,bełski,1
5_1_28,stojanow,Stojanów,5_1,6386,beł,bełski,1
5_1_29,szczurowice,Szczurowice,5_1,22412,beł,buski,1
5_1_30,tartakow,Tartaków,5_1,22414,beł,bełski,1
5_1_31,toporow,Toporów,5_1,2673,rus,lwowski,1
5_1_32,tyszowce,Tyszowce,5_1,6389,beł,grabowiecki,1
5_1_33,uhnow,Uhnów,5_1,6391,beł,bełski,1
5_1_34,warez,Waręż,5_1,6394,beł,bełski,1
5_1_35,witkow,Witków Nowy,5_1,6395,beł,buski,1
5_2_1,bilgoraj,Biłgoraj,5_2,6399,lub,,2
5_2_2,chelm,Chełm,5_2,2675,rus,chełmski,1
5_2_3,gorzkow,Gorzków,5_2,2768,rus,chełmski,1
5_2_4,holeszow,Holeszów,5_2,5266,rus,chełmski,1
5_2_5,hrubieszow,Hrubieszów,5_2,2608,rus,chełmski,1
5_2_7,krasniczyn,Kraśniczyn,5_2,2683,rus,chełmski,1
5_2_6,krasnobrod,Krasnobród,5_2,2682,rus,chełmski,1
5_2_8,krosniczyn,Kraśniczyn,5_2,2683,rus,chełmski,1
5_2_9,krylow,Kryłów,5_2,6372,rus,chełmski,1
5_2_10,lubomla,Luboml,5_2,2684,rus,chełmski,1
5_2_11,maciejow,Maciejów,5_2,2685,rus,chełmski,1
5_2_12,modliborzyce,Modliborzyce,5_2,2226,lub,urzędowski,1
5_2_13,opalin,Opalin,5_2,2688,rus,chełmski,1
5_2_14,pilaszkowiec,"",5_2,,lub,,3
5_2_15,ratno,Ratno,5_2,2693,rus,chełmski,1
5_2_16,rejowice,Rzejowice,5_2,16609,sier,radomszczański,1
5_2_17,siedliszcze,Siedliszcze,5_2,2034,rus,chełmski,1
5_2_18,sieniawa,Sieniawa,5_2,2044,rus,przemyski,1
5_2_19,skierbieszow,Skierbieszów,5_2,2968,rus,chełmski,1
5_2_26,suburb_of_krasnostaw,Krasnystaw,5_2,1984,rus,chełmski,1
5_2_20,swierz,Świrz,5_2,2059,rus,lwowski,1
5_2_21,szczebreszyn,Szczebrzeszyn,5_2,2696,rus,chełmski,1
5_2_22,tarnogora,Tarnogóra,5_2,4234,rus,chełmski,1
5_2_23,turobin,Turobin,5_2,2700,rus,chełmski,1
5_2_24,uchanie,Uchanie,5_2,2701,rus,chełmski,1
5_2_25,wojslawice,Wojsławice,5_2,2703,rus,chełmski,1
6_1_1,bratian,Bratjan,6_1,24539,che,michałowski,1
6_1_2,ciborz_and_lidzbark,Cibórz,6_1,24542,che,michałowski,1
6_1_3,fijewo,"",6_1,,pom,,3
6_1_4,ostromecko,Ostromecko,6_1,2122,che,chełmiński,1
6_1_6,plowez,Płowęż,6_1,24537,che,michałowski,1
6_1_5,pokrzywno,Pokrzywno,6_1,24536,che,chełmiński,1
6_1_10,suburb_of_czluchow,Człuchów,6_1,15441,pom,człuchowski,1
6_1_14,suburb_of_gdansk,Gdańsk,6_1,15264,pom,gdański,1
6_1_11,suburb_of_hammerstein,"",6_1,,malb,,3
6_1_12,suburb_of_koscierzyna,Kościerzyna,6_1,15576,pom,tczewski,1
6_1_13,suburb_of_tuchola,Tuchola,6_1,24529,pom,tucholski,1
6_1_7,szembruk,Szembruk,6_1,24541,che,chełmiński,1
6_1_8,torun,Toruń,6_1,24535,che,chełmiński,1
6_1_9,wlewsk,Wlewsk,6_1,24540,che,michałowski,1
6_2_1,brzesc,Brześć Kujawski,6_2,2091,brzkuj,brzeski,1
6_2_2,dobrzyn,Dobrzyń,6_2,2139,in,dobrzyński,1
6_2_3,fordon,Fordon,6_2,23378,in,bydgoski,1
6_2_4,inowroclaw,Inowrocław,6_2,23379,in,inowrocławski,1
6_2_5,izbica,Izbica,6_2,2092,kuj,przedecki,1
6_2_6,kikol,Kikół,6_2,23380,in,lipnowski,1
6_2_7,kowal,Kowal,6_2,2093,brzkuj,kowalski,1
6_2_8,lipno,Lipno,6_2,24477,in,lipnowski,1
6_2_9,lubrabiec,"",6_2,,kuj,,3
6_2_10,lubraniec,Lubraniec,6_2,2094,brzkuj,brzeski,1
6_2_11,piotrkow,Piotrków,6_2,2095,kuj,radziejowski,1
6_2_12,przedecz,Przedecz,6_2,2096,brzkuj,przedecki,1
6_2_13,radziki,Radziki Duże,6_2,24478,in,rypiński,1
6_2_14,strzelno,Strzelno,6_2,13410,brzkuj,kruszwicki,1
6_2_15,zoledowo,Żołędowo,6_2,24479,in,bydgoski,1
6_3_1,barcin,Barcin,6_3,24469,kal,gnieźnieński,1
6_3_2,borek,Borek,6_3,2144,kal,pyzdrski,1
6_3_3,chodziez,Chodzież,6_3,14189,kal,kcyński,1
6_3_4,czerniejow,Czerniejów,6_3,5561,rus,lwowski,2
6_3_5,debrzno_frydland,Debrzno,6_3,2123,gn,nakielski,1
6_3_6,dzialyn,Działyń,6_3,23377,gn,gnieźnieński,1
6_3_7,gniezno,Gniezno,6_3,2126,gn,gnieźnieński,1
6_3_9,golancza,Gołańcz,6_3,14265,gn,kcyński,1
6_3_8,golina,Golina,6_3,2146,kal,koniński,1
6_3_10,granowo,Granowo,6_3,15704,poz,kościański,1
6_3_11,jarocin,Jarocin,6_3,2149,kal,pyzdrski,1
6_3_12,jaroczew,Jaraczew,6_3,2148,kal,pyzdrski,1
6_3_13,kalisz,Kalisz,6_3,13852,kal,kaliski,1
6_3_14,karmin,Karmin,6_3,24461,kal,kaliski,1
6_3_15,kazimierz,Kazimierz,6_3,2572,kr,szczyrzycki,1
6_3_16,kcynia,Kcynia,6_3,23310,gn,kcyński,1
6_3_17,kleczew,Kleczew,6_3,2151,kal,koniński,1
6_3_18,kobylin,Kobylin,6_3,13871,kal,pyzdrski,1
6_3_21,kolo,Koło,6_3,13872,kal,koniński,1
6_3_19,konin,Konin,6_3,24465,kal,koniński,1
6_3_20,kozmin,Koźmin,6_3,2153,kal,pyzdrski,1
6_3_22,koωminek,Koźminek,6_3,24460,kal,kaliski,1
6_3_23,krajenka,Krajenka,6_3,2127,gn,nakielski,1
6_3_24,krotoszyn,Krotoszyn,6_3,22842,kal,pyzdrski,1
6_3_25,kurnik,Kurniki,6_3,3764,rus,lwowski,2
6_3_49,labuszyn,Łabiszyn,6_3,23381,in,kcyński,1
6_3_26,ledyczek,Lędyczek,6_3,24473,pom,nakielski,1
6_3_50,lobzenica,Łobżenica,6_3,2128,gn,nakielski,1
6_3_27,margonin,Margonin,6_3,23311,gn,kcyński,1
6_3_28,miloslaw,Miłosław,6_3,2159,kal,pyzdrski,1
6_3_29,mrocza,Mrocza,6_3,2140,in,nakielski,1
6_3_30,naklo,Nakło,6_3,2130,kal,nakielski,1
6_3_31,nowemiasto_on_warta,Nowemiasto,6_3,2161,kal,pyzdrski,1
6_3_32,odolanow,Odolanów,6_3,22843,kal,kaliski,1
6_3_33,ostrow,Ostrów,6_3,22844,kal,kaliski,1
6_3_34,pogorzel,Pogorzela,6_3,24467,kal,pyzdrski,1
6_3_35,pyzdry,Pyzdry,6_3,2163,kal,pyzdrski,1
6_3_36,raszkow,Raszków,6_3,24464,kal,kaliski,1
6_3_37,russocice,Russocice,6_3,24466,kal,koniński,1
6_3_38,rychwal,Rychwał,6_3,22845,kal,koniński,1
6_3_39,rychwal_and_slaszyce,Rychwał,6_3,22845,kal,koniński,1
6_3_40,sempelborg,"",6_3,,kal,nakielski,2
6_3_41,skoki,Skoki,6_3,2132,gn,gnieźnieński,1
6_3_42,stawiszyn,Stawiszyn,6_3,24462,kal,kaliski,1
6_3_43,wilczyn,Wilczyn,6_3,23312,gn,gnieźnieński,1
6_3_44,witkow,"",6_3,,kal,,3
6_3_45,wrzesnia,Września,6_3,2135,gn,pyzdrski,1
6_3_46,zaniemysl,Zaniemyśl,6_3,24468,kal,pyzdrski,1
6_3_47,zduny,Zduny,6_3,24463,kal,kaliski,1
6_3_51,zerkow,Żerków,6_3,2166,kal,pyzdrski,1
6_3_48,zlotowo,Złotowo,6_3,13252,che,michałowski,1
6_3_52,zydow,Żydowo,6_3,24471,gn,gnieźnieński,1
6_4_1,bielawy,Bielawy,6_4,24474,łęcz,orłowski,1
6_4_2,bratoszowice_and_brzeziny,Brzeziny,6_4,14429,łęcz,brzeziński,1
6_4_3,brzeziny,Brzeziny,6_4,14429,łęcz,brzeziński,1
6_4_4,brzeziny_and_glowno,Brzeziny,6_4,14429,łęcz,brzeziński,1
6_4_5,kalow,Kałów,6_4,24476,łęcz,łęczycki,1
6_4_6,krosniewice,Krośniewice,6_4,22852,łęcz,łęczycki,1
6_4_7,leczyca,Łęczyca,6_4,2264,łęcz,łęczycki,1
6_4_8,parzeczew,Parzęczew,6_4,24475,łęcz,łęczycki,1
6_4_9,piatek,Piątek,6_4,22853,łęcz,łęczycki,1
6_4_10,sobota,Sobota,6_4,22854,łęcz,orłowski,1
6_4_11,strykow,Stryków,6_4,22855,łęcz,brzeziński,1
6_4_12,ujazd,Ujazd,6_4,22856,łęcz,brzeziński,1
6_4_13,ujazd_and_inowlodz,Ujazd,6_4,22856,łęcz,brzeziński,1
6_5_3,blaszkow,Błaszki,6_5,2514,sier,sieradzki,1
6_5_1,boleslaw,Bolesław,6_5,8387,san,wiślicki,1
6_5_2,burzenin,Bolesławiec,6_5,2516,sier,wieluński,1
6_5_4,ciechanow,Ciechanów,6_5,2612,maz,ciechanowski,1
6_5_5,dobra,Dobra,6_5,2517,sier,sieradzki,1
6_5_6,grabow,Grabów,6_5,16690,sier,ostrzeszowski,1
6_5_7,kepno,Kępno,6_5,2519,sier,ostrzeszowski,1
6_5_19,lask,Łask,6_5,2522,sier,szadkowski,1
6_5_8,lutomiersk,Lutomiersk,6_5,2521,sier,szadkowski,1
6_5_9,makow,Maków Mazowiecki,6_5,2271,maz,makowski,1
6_5_10,nasielsk,Nasielsk,6_5,2272,maz,nowomiejski,1
6_5_11,piotrkow,Piotrków,6_5,2523,sier,piotrkowski,1
6_5_12,rozan,Rożan,6_5,2275,maz,rożański,1
6_5_13,tuszyn,Tuszyn,6_5,16772,sier,piotrkowski,1
6_5_14,warta,Warta,6_5,2524,sier,sieradzki,1
6_5_15,widawa,Widawa,6_5,16786,sier,sieradzki,1
6_5_16,wieruszow,Wieruszów,6_5,16791,sier,wieluński,1
6_5_17,wyszogrod,Wyszogród,6_5,2285,maz,wyszogrodzki,1
6_5_18,zloczew,Złoczew,6_5,22794,sier,sieradzki,1
6_6_1,biezun,Bieżuń,6_6,2636,pł,sierpecki,1
6_6_2,drobin,Drobin,6_6,2289,pł,bielski,1
6_6_3,kuczbork,Kuczbork,6_6,2641,pł,szreński,1
6_6_4,mlawa,Mława,6_6,2643,pł,mławski,1
6_6_5,plock,Płock,6_6,2290,pł,płocki,1
6_6_6,plonsk,Płońsk,6_6,2645,pł,płoński,1
6_6_7,radzanow,Radzanów,6_6,2648,pł,raciąski,1
6_6_8,sierpc,Sierpc,6_6,2652,pł,sierpecki,1
6_6_9,szrensk,Szreńsk,6_6,2654,pł,szreński,1
6_7_1,babimost,Babimost,6_7,2372,poz,kościański,1
6_7_2,bojanow,Bojanowo,6_7,16117,poz,kościański,1
6_7_3,broice,"",6_7,,poz,,3
6_7_4,charnkow,Czarnków,6_7,13836,poz,poznański,1
6_7_5,czempin,Czempiń,6_7,2373,poz,kościański,1
6_7_6,czlop,Człopa,6_7,2375,poz,poznański,1
6_7_7,frydlandek,Mirosławiec,6_7,2376,poz,wałecki,1
6_7_8,goslina,"",6_7,,poz,poznański,2
6_7_9,grodzisko,Grodzisk,6_7,15875,poz,kościański,1
6_7_10,heinrichdorf,"",6_7,,poz,,3
6_7_11,heinrichsdorf,"",6_7,,poz,,3
6_7_12,jutrosin,Jutrosin,6_7,15590,kal,pyzdrski,1
6_7_13,kargowa,Kargowa,6_7,2381,poz,kościański,1
6_7_44,lagowice,"",6_7,,poz,,3
6_7_14,leszno,Leszno,6_7,2382,poz,wschowski,1
6_7_15,lwowek,Lwówek,6_7,2384,poz,poznański,1
6_7_16,miedzychod,Międzychód,6_7,2385,poz,poznański,1
6_7_17,miedzyrzecz,Międzyrzecz,6_7,2387,poz,poznański,1
6_7_18,mosina,Mosina,6_7,15927,poz,poznański,1
6_7_19,oborniki,Oborniki,6_7,2390,poz,poznański,1
6_7_20,obrzysko,Obrzycko,6_7,2391,poz,poznański,1
6_7_21,osieczna,Osieczna,6_7,2392,poz,kościański,1
6_7_22,pila,Piła,6_7,2395,poz,nakielski,1
6_7_23,pniewy,Pniewy,6_7,2396,poz,poznański,1
6_7_24,rakoniewice,Rakoniewice,6_7,15775,poz,kościański,1
6_7_25,rawicz,Rawicz,6_7,2398,poz,kościański,1
6_7_26,restarzew,"",6_7,,poz,,3
6_7_27,rogozno,Rogoźno,6_7,2399,poz,poznański,1
6_7_28,samowa,"",6_7,,poz,,3
6_7_29,sierakow,Sieraków,6_7,2408,poz,poznański,1
6_7_30,skwirzyna,Skwierzyna,6_7,2409,poz,poznański,1
6_7_31,steszew,Stęszew,6_7,15994,poz,poznański,1
6_7_32,szamotuly,Szamotuły,6_7,2404,poz,poznański,1
6_7_33,szlichtyczkow,Szlichtyngowa,6_7,2413,poz,wschowski,1
6_7_34,szrem,Śrem,6_7,2414,poz,kościański,1
6_7_35,trzcianka,Trzcianka,6_7,2420,poz,poznański,1
6_7_36,trzciel,Trzciel,6_7,2421,poz,poznański,1
6_7_37,tuczno,Tuczno,6_7,2423,poz,wałecki,1
6_7_38,walcz,Wałcz,6_7,2424,poz,wałecki,1
6_7_39,wielen,Wieleń,6_7,2525,poz,poznański,1
6_7_40,wolsztyn,Wolsztyn,6_7,2425,poz,kościański,1
6_7_41,wronki,Wronki,6_7,2427,poz,poznański,1
6_7_42,wschowa,Wschowa,6_7,2428,poz,wschowski,1
6_7_43,zbaszyn,Zbąszyń,6_7,2430,poz,kościański,1
6_8_1,gabin,Gąbin,6_8,2433,raw,gąbiński,1
6_8_5,glowno,Głowno,6_8,2434,raw,rawski,1
6_8_4,gluchow,Głuchów,6_8,16362,raw,rawski,1
6_8_2,gostynin,Gostynin,6_8,2435,raw,gostyniński,1
6_8_3,grodzisk,Grodzisk,6_8,2379,poz,kościański,1
6_8_6,ilowo,Iłów,6_8,23366,raw,gąbiński,1
6_8_7,jakubek_in_kutno,Kutno,6_8,2436,raw,gostyniński,1
6_8_8,kutno,Kutno,6_8,2436,raw,gostyniński,1
6_8_9,mszczonow,Mszczonów,6_8,23368,raw,mszczonowski,1
6_8_10,rawa,Rawa Mazowiecka,6_8,2438,raw,rawski,1
6_8_11,sochaczew,Sochaczew,6_8,23369,raw,sochaczewski,1
6_8_12,zychlin,Żychlin,6_8,2439,łęcz,orłowski,1
7_1_1,bedzin,Będzin,7_1,2558,kr,księstwo siewierskie,1
7_1_2,biala,Biała,7_1,8244,kr,śląski,1
7_1_3,bobow,Bobowa,7_1,2560,kr,biecki,1
7_1_4,brzesko,Brzesko,7_1,7428,kr,szczyrzycki,1
7_1_5,chrzanow,Chrzanów,7_1,2561,kr,proszowicki,1
7_1_6,czestochowa,Częstochowa,7_1,7458,kr,lelowski,1
7_1_7,dukla,Dukla,7_1,2563,kr,biecki,1
7_1_8,dzialoszyce,Działoszyce,7_1,2564,kr,proszowicki,1
7_1_9,gorlice,Gorlice,7_1,7868,kr,biecki,1
7_1_10,grybow,Grybów,7_1,7496,kr,biecki,1
7_1_11,janow,Janów,7_1,2566,kr,lelowski,1
7_1_12,jaslo,Jasło,7_1,7511,kr,biecki,1
7_1_13,koscielec,Kościelec,7_1,7539,kr,proszowicki,1
7_1_14,kromolow,Kromołów,7_1,7924,kr,lelowski,1
7_1_15,ksiaz,"",7_1,,kr,,3
7_1_16,kuznice,"",7_1,,kr,,3
7_1_17,lelow,Lelów,7_1,2576,kr,lelowski,1
7_1_18,makow_podhalanski,Maków Podhalański,7_1,7596,kr,szczyrzycki,1
7_1_19,naklo,Nakło,7_1,2578,kr,lelowski,1
7_1_20,nowy_sacz,Nowy Sącz,7_1,2579,kr,sądecki,1
7_1_21,nowy_targ,Nowy Targ,7_1,7638,kr,sądecki,1
7_1_22,oksza,Oksa,7_1,8862,san,chęciński,1
7_1_23,olkusz,Olkusz,7_1,2582,kr,proszowicki,1
7_1_24,olsztyn,Olsztyn,7_1,7643,kr,lelowski,1
7_1_25,oswiecim,Oświęcim,7_1,2584,kr,śląski,1
7_1_26,pilca,Pilica,7_1,2586,kr,lelowski,1
7_1_27,proszowice,Proszowice,7_1,7992,kr,proszowicki,1
7_1_28,szczekociny,Szczekociny,7_1,2589,kr,lelowski,1
7_1_29,wisnicz,Wiśnicz Nowy,7_1,2592,kr,szczyrzycki,1
7_1_30,wodzislaw,Wodzisław,7_1,2595,kr,ksiąski,1
7_1_31,wolbrom,Wolbrom,7_1,2599,kr,ksiąski,1
7_1_33,zarki,Żarki,7_1,2602,kr,lelowski,1
7_1_34,zarnowiec,Żarnowiec,7_1,2605,kr,ksiąski,1
7_1_32,zator,Zator,7_1,2600,kr,śląski,1
7_1_35,zmigrod,Żmigród Nowy,7_1,2607,kr,biecki,1
7_1_36,zywiec,Żywiec,7_1,8240,kr,śląski,1
7_2_1,bukowsko,Bukowsko,7_2,1937,maz,,3
7_2_2,dzialoszyn,Działoszyn,7_2,2518,maz,wieluński,1
7_2_3,jacmierz,Jaćmierz,7_2,2789,rus,sanocki,1
7_2_4,kaminsk,Kamieńsk,7_2,24585,maz,radomszczański,1
7_2_5,koniecpol,Koniecpol,7_2,2520,sier,radomszczański,1
7_2_6,nowotaniec,Nowotaniec,7_2,2899,rus,sanocki,1
7_2_7,praszka,Praszka,7_2,16594,sier,wieluński,1
7_2_8,rymanow,Rymanów,7_2,22841,maz,,3
7_2_9,sochaczew,Sochaczew,7_2,23369,raw,sochaczewski,1
7_2_10,warsaw,Warszawa,7_2,23080,maz,warszawski,1
7_3_1,baranow,Baranów,7_3,2440,san,sandomierski,1
7_3_2,bogoria,Bogoria,7_3,2441,san,sandomierski,1
7_3_3,checiny,Chęciny,7_3,2470,san,chęciński,1
7_3_4,chmielnik,Chmielnik,7_3,2442,san,wiślicki,1
7_3_5,dabrow,Dąbrowa,7_3,2446,san,pilzneński,1
7_3_6,drzewica,Drzewica,7_3,2477,san,opoczyński,1
7_3_7,dzikow,Dzików,7_3,2467,san,sandomierski,1
7_3_8,gielniow,Gielniów,7_3,8443,san,opoczyński,1
7_3_9,gowarczow,Gowarczów,7_3,8454,san,opoczyński,1
7_3_10,iwaniska,Iwaniska,7_3,2451,san,sandomierski,1
7_3_11,janikow,Janików,7_3,8471,san,sandomierski,1
7_3_12,klimontow,Klimontów,7_3,2455,san,sandomierski,1
7_3_13,kolbuszowa,Kolbuszowa,7_3,2456,san,pilzneński,1
7_3_14,konskie,Końskie,7_3,8504,san,opoczyński,1
7_3_15,kurozweki,Kurozwęki,7_3,2462,san,wiślicki,1
7_3_16,malopolski_staszow,Staszów,7_3,2494,san,sandomierski,1
7_3_17,mielec,Mielec,7_3,2457,san,sandomierski,1
7_3_18,nowemiasto,Nowy Korczyn,7_3,2460,san,wiślicki,1
7_3_19,olesnica,Oleśnica,7_3,2472,san,wiślicki,1
7_3_20,opatow,Opatów,7_3,2443,san,sandomierski,1
7_3_21,opoczno,Opoczno,7_3,2482,san,opoczyński,1
7_3_22,ostrowiec,Ostrowiec,7_3,2474,san,sandomierski,1
7_3_23,ozarow,Ożarów,7_3,2475,san,sandomierski,1
7_3_24,pacanow,Pacanów,7_3,2476,san,wiślicki,1
7_3_25,pierzchnica,Pierzchnica,7_3,8875,san,wiślicki,1
7_3_26,pinczow,Pińczów,7_3,2480,san,wiślicki,1
7_3_27,polaniec,Połaniec,7_3,2484,san,sandomierski,1
7_3_28,prysucha,Przysucha,7_3,2495,san,radomski,1
7_3_29,przeclaw,Przecław,7_3,2464,san,pilzneński,1
7_3_30,przedborz,Przedbórz,7_3,2452,san,chęciński,1
7_3_31,rakow,Raków,7_3,2491,san,sandomierski,1
7_3_32,rudnik,Rudnik,7_3,2489,san,sandomierski,1
7_3_33,rzochow,Rzochów,7_3,22481,san,pilzneński,1
7_3_34,sandomierz,Sandomierz,7_3,22485,san,sandomierski,1
7_3_35,secemin,Secemin,7_3,2463,san,chęciński,1
7_3_36,sienno,Sienno,7_3,2493,san,radomski,1
7_3_37,sobkow,Sobków,7_3,2512,san,chęciński,1
7_3_38,sokolow,Sokołów,7_3,2039,rus,przemyski,1
7_3_39,stopnica,Stopnica,7_3,2497,san,wiślicki,1
7_3_40,szydlow,Szydłów,7_3,2501,san,wiślicki,1
7_3_42,tarlow,Tarłów,7_3,2444,san,sandomierski,1
7_3_41,tarnow,Tarnów,7_3,2504,san,pilzneński,1
7_3_43,wislica,Wiślica,7_3,2507,san,wiślicki,1
7_3_44,wloszczowa,Włoszczowa,7_3,2468,san,chęciński,1
7_3_46,zabno,Żabno,7_3,2509,san,wiślicki,1
7_3_47,zarnow,Żarnów,7_3,8762,san,opoczyński,1
7_3_45,zawichost,Zawichost,7_3,8749,san,sandomierski,1
8_1_1,baranow,Baranów,8_1,2218,lub,lubelski,1
8_1_2,belzyce,Bełżyce,8_1,2220,lub,lubelski,1
8_1_3,biskupce,Biskupice,8_1,2221,lub,lubelski,1
8_1_4,bychawa,Bychawa,8_1,2222,lub,lubelski,1
8_1_33,cape_between_san_and_vistula,"",8_1,,lub,,3
8_1_5,czemierniki,Czemierniki,8_1,2225,lub,lubelski,1
8_1_7,glusk,Głusk,8_1,2228,lub,lubelski,1
8_1_6,grodek,Gródek,8_1,2336,pod,kamieniecki,1
8_1_8,janow,Janów,8_1,9033,lub,lubelski,1
8_1_9,kamionka,Kamionka,8_1,9064,lub,lubelski,1
8_1_10,kazimierz,Kazimierz,8_1,2232,lub,lubelski,1
8_1_11,kock,Kock,8_1,2234,lub,łukowski,1
8_1_12,konskowola,Końskowola,8_1,2235,lub,lubelski,1
8_1_13,krasnik,Kraśnik,8_1,2230,lub,urzędowski,1
8_1_14,kurow,Kurów,8_1,2237,lub,lubelski,1
8_1_34,leczna,Łęczna,8_1,2242,lub,lubelski,1
8_1_15,lubartow,Lubartów,8_1,2239,lub,lubelski,1
8_1_35,lukow,Łuków,8_1,2243,lub,łukowski,1
8_1_16,markuszow,Markuszów,8_1,2244,lub,lubelski,1
8_1_17,mnichow,"",8_1,,lub,lubelski,2
8_1_18,opole,Opole,8_1,2246,lub,lubelski,1
8_1_19,ostrow_lubelski,Ostrów,8_1,2248,lub,lubelski,1
8_1_20,parczew,Parczew,8_1,2249,lub,lubelski,1
8_1_21,piaski,Piaski,8_1,2250,lub,lubelski,1
8_1_22,piaski_near_lublin,Piaski,8_1,2250,lub,lubelski,1
8_1_23,rachow,"",8_1,,lub,urzędowski,2
8_1_24,radomysl,Radomyśl,8_1,2202,kij,żytomierski,1
8_1_25,radzyn,Radzyń,8_1,2253,lub,łukowski,1
8_1_26,seroczyn,Seroczyn,8_1,2276,maz,garwoliński,1
8_1_27,siedlce,Siedlce,8_1,2255,lub,łukowski,1
8_1_28,wawelnica,Wąwolnica,8_1,9176,lub,lubelski,1
8_1_30,wlostowice,Włostowice,8_1,2260,lub,lubelski,1
8_1_29,wodynie,Wodynie,8_1,14822,maz,garwoliński,1
8_1_31,zaklikow,Zaklików,8_1,2263,lub,urzędowski,1
8_1_32,zbuczyn,Zbuczyn,8_1,9123,lub,łukowski,1
8_2_1,biala,Biała,8_2,2432,raw,bialski,1
8_2_2,drwalew,Duczymin,8_2,2614,maz,przasnyski,1
8_2_3,garwolin,Garwolin,8_2,14610,maz,garwoliński,1
8_2_6,glowno,Głowno,8_2,2434,raw,rawski,1
8_2_4,goszczyn,Goszczyn,8_2,14616,maz,grójecki,1
8_2_5,grojec,Grójec,8_2,14624,maz,grójecki,1
8_2_7,kobylnica,"",8_2,,maz,,3
8_2_8,kolbiel,Kołbiel,8_2,14657,maz,garwoliński,1
8_2_27,laskarzew,Łaskarzew,8_2,8540,san,stężycki,1
8_2_9,latowicz,Latowicz,8_2,14673,maz,garwoliński,1
8_2_10,latowicz_and_roza,Latowicz,8_2,14673,maz,garwoliński,1
8_2_28,letow,Łętowo,8_2,14682,maz,wyszogrodzki,1
8_2_11,maciejowice,Maciejowice,8_2,8551,san,stężycki,1
8_2_12,maciejowice_and_godzisz,Maciejowice,8_2,8551,san,stężycki,1
8_2_13,magnuszew,Maków Mazowiecki,8_2,2271,maz,makowski,1
8_2_14,minsk_mazowiecki,Mińsk Mazowiecki,8_2,14694,maz,garwoliński,1
8_2_15,nowemiasto_on_pilica,Nowemiasto,8_2,2437,raw,bialski,1
8_2_16,osieck,Osieck,8_2,14724,maz,garwoliński,1
8_2_17,ozarow_mazowiecki,"",8_2,,maz,warszawski,2
8_2_18,parysow,Parysów,8_2,14730,maz,garwoliński,1
8_2_19,piaseczno,Piaseczno,8_2,14733,maz,warszawski,1
8_2_20,przebyszew,Przybyszew,8_2,14751,maz,grójecki,1
8_2_21,rawa,Rawa Mazowiecka,8_2,2438,raw,rawski,1
8_2_22,roza,"",8_2,,maz,garwoliński,2
8_2_23,sobikow,Sobików,8_2,14783,maz,czerski,1
8_2_24,stara_rawa,Rawa Stara,8_2,16420,raw,rawski,1
8_2_25,warka,Warka,8_2,23086,maz,warecki,1
8_2_26,warsaw,Warszawa,8_2,14900,maz,warszawski,1
8_3_1,adamow,Adamów,8_3,8765,san,stężycki,1
8_3_2,bialobrzegi,Białobrzegi,8_3,8374,san,opoczyński,1
8_3_3,bobrowniki,Bobrowniki,8_3,22480,san,stężycki,1
8_3_4,ciepelow,Ciepielów,8_3,8414,san,radomski,1
8_3_7,glowaczow,Głowaczów,8_3,14614,maz,warecki,1
8_3_5,gniewoszow,Gniewoszów,8_3,2449,san,radomski,1
8_3_6,granica,Granica,8_3,2502,san,radomski,1
8_3_8,janowiec,Janowiec,8_3,2453,san,radomski,1
8_3_9,jedlinsk,Jedlińsk,8_3,8482,san,radomski,1
8_3_10,kazanow,Kazanów,8_3,8490,san,radomski,1
8_3_11,klwow,Klwów,8_3,2488,san,radomski,1
8_3_12,korytnica,Korytnica,8_3,8508,san,chęciński,1
8_3_13,kozienice,Kozienice,8_3,2461,san,radomski,1
8_3_14,lipsko,Lipsko,8_3,2465,san,radomski,1
8_3_33,lysobyki,Łysobyki,8_3,2503,san,stężycki,1
8_3_15,miastkow,Miastków Kościelny,8_3,14692,maz,garwoliński,1
8_3_16,odrzywol,Odrzywół,8_3,8581,san,opoczyński,1
8_3_17,przysucha,Przysucha,8_3,2495,san,radomski,1
8_3_18,przytuk,Przytyk,8_3,2483,san,radomski,1
8_3_19,radom,Radom,8_3,22479,san,radomski,1
8_3_20,ryczywol,Ryczywół,8_3,2490,san,radomski,1
8_3_21,ryki,Ryki,8_3,8645,san,stężycki,1
8_3_22,sienno,Sienno,8_3,2493,san,radomski,1
8_3_23,skaryszew,Skaryszew,8_3,2630,maz,warszawski,2
8_3_24,skrzynno,Skrzynno,8_3,8663,san,radomski,1
8_3_25,solec_on_vistula,Solec,8_3,8673,san,radomski,1
8_3_26,stezyca,Stężyca,8_3,8678,san,stężycki,1
8_3_27,suchowola,"",8_3,,san,,3
8_3_28,szydlowiec,Szydłowiec,8_3,2500,san,radomski,1
8_3_29,ulenice,"",8_3,,san,,3
8_3_30,wojcieszkow,Wojcieszków,8_3,8733,san,stężycki,1
8_3_31,zawichost,Zawichost,8_3,8749,san,sandomierski,1
8_3_34,zelechow,Żelechów,8_3,2511,san,stężycki,1
8_3_32,zwolen,Zwoleń,8_3,2513,san,radomski,1
9_1,bilgoray,Biłgoraj,9,6399,lub,,2
9_2,ekonomia,"",9,,lub,,3
9_3,frannopol,Frampol,9,2217,lub,lubelski,1
9_4,goray,Goraj,9,2229,lub,lubelski,1
9_5,gorzkow,Gorzków,9,2768,rus,chełmski,1
9_6,krasnobrod,Krasnobród,9,2682,rus,chełmski,1
9_17,laszczow,Łaszczów,9,6374,beł,bełski,1
9_7,modliborzyce,Modliborzyce,9,2226,lub,urzędowski,1
9_8,pilaszkowiec,Milaszkowce,9,9959,pod,,3
9_9,rozwadow,Rozwadów,9,2486,san,sandomierski,1
9_10,szczebreszyn,Szczebrzeszyn,9,2696,rus,chełmski,1
9_11,tarnogrod,Tarnogród,9,2061,rus,przemyski,1
9_12,tomaszow,Tomaszów Lubelski,9,6388,beł,bełski,1
9_13,turobin,Turobin,9,2700,rus,chełmski,1
9_14,ulanow,Ulanów,9,2505,san,sandomierski,1
9_15,wysokie,Wysokie,9,9120,lub,lubelski,1
9_16,zamosc,Zamość,9,2080,rus,chełmski,1
9_18,zolkiewka,Żółkiewka,9,22384,rus,chełmski,1
